image_name,NC,G3,G4,G5,unlabeled
0005f7aaab2800f6170c399693a96917_12_14.jpg,1,0,0,0,0
0005f7aaab2800f6170c399693a96917_13_13.jpg,1,0,0,0,0
0005f7aaab2800f6170c399693a96917_13_14.jpg,1,0,0,0,0
0005f7aaab2800f6170c399693a96917_13_15.jpg,1,0,0,0,0
0005f7aaab2800f6170c399693a96917_13_16.jpg,1,0,0,0,0
0005f7aaab2800f6170c399693a96917_13_17.jpg,1,0,0,0,0
0005f7aaab2800f6170c399693a96917_13_18.jpg,1,0,0,0,0
0005f7aaab2800f6170c399693a96917_14_13.jpg,1,0,0,0,0
0005f7aaab2800f6170c399693a96917_14_14.jpg,1,0,0,0,0
0005f7aaab2800f6170c399693a96917_14_15.jpg,1,0,0,0,0
0005f7aaab2800f6170c399693a96917_14_16.jpg,1,0,0,0,0
0005f7aaab2800f6170c399693a96917_14_17.jpg,1,0,0,0,0
0005f7aaab2800f6170c399693a96917_14_18.jpg,1,0,0,0,0
0005f7aaab2800f6170c399693a96917_14_19.jpg,1,0,0,0,0
0005f7aaab2800f6170c399693a96917_14_20.jpg,1,0,0,0,0
0005f7aaab2800f6170c399693a96917_15_13.jpg,1,0,0,0,0
0005f7aaab2800f6170c399693a96917_15_14.jpg,1,0,0,0,0
0005f7aaab2800f6170c399693a96917_15_15.jpg,1,0,0,0,0
0005f7aaab2800f6170c399693a96917_15_16.jpg,1,0,0,0,0
0005f7aaab2800f6170c399693a96917_15_17.jpg,1,0,0,0,0
0005f7aaab2800f6170c399693a96917_15_18.jpg,1,0,0,0,0
0005f7aaab2800f6170c399693a96917_15_19.jpg,1,0,0,0,0
0005f7aaab2800f6170c399693a96917_15_20.jpg,1,0,0,0,0
0005f7aaab2800f6170c399693a96917_15_21.jpg,1,0,0,0,0
0005f7aaab2800f6170c399693a96917_16_13.jpg,1,0,0,0,0
0005f7aaab2800f6170c399693a96917_16_14.jpg,1,0,0,0,0
0005f7aaab2800f6170c399693a96917_16_15.jpg,1,0,0,0,0
0005f7aaab2800f6170c399693a96917_16_16.jpg,1,0,0,0,0
0005f7aaab2800f6170c399693a96917_16_17.jpg,1,0,0,0,0
0005f7aaab2800f6170c399693a96917_16_18.jpg,1,0,0,0,0
0005f7aaab2800f6170c399693a96917_16_19.jpg,1,0,0,0,0
0005f7aaab2800f6170c399693a96917_16_20.jpg,1,0,0,0,0
0005f7aaab2800f6170c399693a96917_16_21.jpg,1,0,0,0,0
0005f7aaab2800f6170c399693a96917_17_14.jpg,1,0,0,0,0
0005f7aaab2800f6170c399693a96917_17_15.jpg,1,0,0,0,0
0005f7aaab2800f6170c399693a96917_17_16.jpg,1,0,0,0,0
0005f7aaab2800f6170c399693a96917_17_17.jpg,1,0,0,0,0
0005f7aaab2800f6170c399693a96917_17_18.jpg,1,0,0,0,0
0005f7aaab2800f6170c399693a96917_17_19.jpg,1,0,0,0,0
0005f7aaab2800f6170c399693a96917_17_20.jpg,1,0,0,0,0
0005f7aaab2800f6170c399693a96917_18_14.jpg,1,0,0,0,0
0005f7aaab2800f6170c399693a96917_18_15.jpg,1,0,0,0,0
0005f7aaab2800f6170c399693a96917_18_16.jpg,1,0,0,0,0
0005f7aaab2800f6170c399693a96917_18_17.jpg,1,0,0,0,0
0005f7aaab2800f6170c399693a96917_18_18.jpg,1,0,0,0,0
0005f7aaab2800f6170c399693a96917_18_19.jpg,1,0,0,0,0
0005f7aaab2800f6170c399693a96917_18_20.jpg,1,0,0,0,0
0005f7aaab2800f6170c399693a96917_19_15.jpg,1,0,0,0,0
0005f7aaab2800f6170c399693a96917_19_16.jpg,1,0,0,0,0
0005f7aaab2800f6170c399693a96917_19_17.jpg,1,0,0,0,0
0005f7aaab2800f6170c399693a96917_19_18.jpg,1,0,0,0,0
0005f7aaab2800f6170c399693a96917_19_19.jpg,1,0,0,0,0
0005f7aaab2800f6170c399693a96917_19_20.jpg,1,0,0,0,0
0005f7aaab2800f6170c399693a96917_20_16.jpg,1,0,0,0,0
0005f7aaab2800f6170c399693a96917_20_17.jpg,1,0,0,0,0
0005f7aaab2800f6170c399693a96917_20_18.jpg,1,0,0,0,0
0005f7aaab2800f6170c399693a96917_20_19.jpg,1,0,0,0,0
0005f7aaab2800f6170c399693a96917_20_20.jpg,1,0,0,0,0
0005f7aaab2800f6170c399693a96917_21_16.jpg,1,0,0,0,0
0005f7aaab2800f6170c399693a96917_21_17.jpg,1,0,0,0,0
0005f7aaab2800f6170c399693a96917_21_18.jpg,1,0,0,0,0
0005f7aaab2800f6170c399693a96917_21_19.jpg,1,0,0,0,0
0005f7aaab2800f6170c399693a96917_21_20.jpg,1,0,0,0,0
0005f7aaab2800f6170c399693a96917_21_21.jpg,1,0,0,0,0
0005f7aaab2800f6170c399693a96917_22_16.jpg,1,0,0,0,0
0005f7aaab2800f6170c399693a96917_22_17.jpg,1,0,0,0,0
0005f7aaab2800f6170c399693a96917_22_18.jpg,1,0,0,0,0
0005f7aaab2800f6170c399693a96917_22_19.jpg,1,0,0,0,0
0005f7aaab2800f6170c399693a96917_22_20.jpg,1,0,0,0,0
0005f7aaab2800f6170c399693a96917_22_21.jpg,1,0,0,0,0
0005f7aaab2800f6170c399693a96917_22_22.jpg,1,0,0,0,0
0005f7aaab2800f6170c399693a96917_22_23.jpg,1,0,0,0,0
0005f7aaab2800f6170c399693a96917_23_16.jpg,1,0,0,0,0
0005f7aaab2800f6170c399693a96917_23_17.jpg,1,0,0,0,0
0005f7aaab2800f6170c399693a96917_23_18.jpg,1,0,0,0,0
0005f7aaab2800f6170c399693a96917_23_19.jpg,1,0,0,0,0
0005f7aaab2800f6170c399693a96917_23_20.jpg,1,0,0,0,0
0005f7aaab2800f6170c399693a96917_23_21.jpg,1,0,0,0,0
0005f7aaab2800f6170c399693a96917_23_22.jpg,1,0,0,0,0
0005f7aaab2800f6170c399693a96917_23_23.jpg,1,0,0,0,0
0005f7aaab2800f6170c399693a96917_24_16.jpg,1,0,0,0,0
0005f7aaab2800f6170c399693a96917_24_17.jpg,1,0,0,0,0
0005f7aaab2800f6170c399693a96917_24_18.jpg,1,0,0,0,0
0005f7aaab2800f6170c399693a96917_24_19.jpg,1,0,0,0,0
0005f7aaab2800f6170c399693a96917_24_20.jpg,1,0,0,0,0
0005f7aaab2800f6170c399693a96917_24_21.jpg,1,0,0,0,0
0005f7aaab2800f6170c399693a96917_24_22.jpg,1,0,0,0,0
0005f7aaab2800f6170c399693a96917_25_17.jpg,1,0,0,0,0
0005f7aaab2800f6170c399693a96917_25_19.jpg,1,0,0,0,0
0005f7aaab2800f6170c399693a96917_25_20.jpg,1,0,0,0,0
0005f7aaab2800f6170c399693a96917_25_21.jpg,1,0,0,0,0
0005f7aaab2800f6170c399693a96917_25_22.jpg,1,0,0,0,0
0005f7aaab2800f6170c399693a96917_25_23.jpg,1,0,0,0,0
0005f7aaab2800f6170c399693a96917_26_19.jpg,1,0,0,0,0
0005f7aaab2800f6170c399693a96917_26_20.jpg,1,0,0,0,0
0005f7aaab2800f6170c399693a96917_26_21.jpg,1,0,0,0,0
0005f7aaab2800f6170c399693a96917_26_22.jpg,1,0,0,0,0
0005f7aaab2800f6170c399693a96917_26_23.jpg,1,0,0,0,0
0005f7aaab2800f6170c399693a96917_27_20.jpg,1,0,0,0,0
0005f7aaab2800f6170c399693a96917_27_21.jpg,1,0,0,0,0
0005f7aaab2800f6170c399693a96917_27_22.jpg,1,0,0,0,0
0005f7aaab2800f6170c399693a96917_27_23.jpg,1,0,0,0,0
0005f7aaab2800f6170c399693a96917_27_24.jpg,1,0,0,0,0
0005f7aaab2800f6170c399693a96917_28_20.jpg,1,0,0,0,0
0005f7aaab2800f6170c399693a96917_28_21.jpg,1,0,0,0,0
0005f7aaab2800f6170c399693a96917_28_22.jpg,1,0,0,0,0
0005f7aaab2800f6170c399693a96917_28_23.jpg,1,0,0,0,0
0005f7aaab2800f6170c399693a96917_28_24.jpg,1,0,0,0,0
0005f7aaab2800f6170c399693a96917_29_20.jpg,1,0,0,0,0
0005f7aaab2800f6170c399693a96917_29_21.jpg,1,0,0,0,0
0005f7aaab2800f6170c399693a96917_29_22.jpg,1,0,0,0,0
0005f7aaab2800f6170c399693a96917_29_23.jpg,1,0,0,0,0
0005f7aaab2800f6170c399693a96917_30_21.jpg,1,0,0,0,0
0005f7aaab2800f6170c399693a96917_30_22.jpg,1,0,0,0,0
0005f7aaab2800f6170c399693a96917_30_23.jpg,1,0,0,0,0
0005f7aaab2800f6170c399693a96917_31_21.jpg,1,0,0,0,0
0005f7aaab2800f6170c399693a96917_31_22.jpg,1,0,0,0,0
0005f7aaab2800f6170c399693a96917_31_23.jpg,1,0,0,0,0
0005f7aaab2800f6170c399693a96917_31_24.jpg,1,0,0,0,0
0005f7aaab2800f6170c399693a96917_32_22.jpg,1,0,0,0,0
0005f7aaab2800f6170c399693a96917_32_23.jpg,1,0,0,0,0
0005f7aaab2800f6170c399693a96917_32_24.jpg,1,0,0,0,0
0005f7aaab2800f6170c399693a96917_32_25.jpg,1,0,0,0,0
0005f7aaab2800f6170c399693a96917_33_24.jpg,1,0,0,0,0
0005f7aaab2800f6170c399693a96917_33_25.jpg,1,0,0,0,0
0005f7aaab2800f6170c399693a96917_33_26.jpg,1,0,0,0,0
0005f7aaab2800f6170c399693a96917_33_27.jpg,1,0,0,0,0
0005f7aaab2800f6170c399693a96917_34_25.jpg,1,0,0,0,0
0005f7aaab2800f6170c399693a96917_34_26.jpg,1,0,0,0,0
0005f7aaab2800f6170c399693a96917_34_27.jpg,1,0,0,0,0
0005f7aaab2800f6170c399693a96917_34_28.jpg,1,0,0,0,0
0005f7aaab2800f6170c399693a96917_35_25.jpg,1,0,0,0,0
0005f7aaab2800f6170c399693a96917_35_26.jpg,1,0,0,0,0
0005f7aaab2800f6170c399693a96917_35_27.jpg,1,0,0,0,0
0005f7aaab2800f6170c399693a96917_35_28.jpg,1,0,0,0,0
0005f7aaab2800f6170c399693a96917_35_29.jpg,1,0,0,0,0
0005f7aaab2800f6170c399693a96917_36_26.jpg,1,0,0,0,0
0005f7aaab2800f6170c399693a96917_36_27.jpg,1,0,0,0,0
0005f7aaab2800f6170c399693a96917_36_28.jpg,1,0,0,0,0
0005f7aaab2800f6170c399693a96917_36_29.jpg,1,0,0,0,0
0005f7aaab2800f6170c399693a96917_36_30.jpg,1,0,0,0,0
0005f7aaab2800f6170c399693a96917_37_27.jpg,1,0,0,0,0
0005f7aaab2800f6170c399693a96917_37_28.jpg,1,0,0,0,0
0005f7aaab2800f6170c399693a96917_37_29.jpg,1,0,0,0,0
0005f7aaab2800f6170c399693a96917_37_30.jpg,1,0,0,0,0
0005f7aaab2800f6170c399693a96917_37_31.jpg,1,0,0,0,0
0005f7aaab2800f6170c399693a96917_38_27.jpg,1,0,0,0,0
0005f7aaab2800f6170c399693a96917_38_28.jpg,1,0,0,0,0
0005f7aaab2800f6170c399693a96917_38_29.jpg,1,0,0,0,0
0005f7aaab2800f6170c399693a96917_38_30.jpg,1,0,0,0,0
0005f7aaab2800f6170c399693a96917_38_31.jpg,1,0,0,0,0
0005f7aaab2800f6170c399693a96917_39_28.jpg,1,0,0,0,0
0005f7aaab2800f6170c399693a96917_39_29.jpg,1,0,0,0,0
0005f7aaab2800f6170c399693a96917_39_30.jpg,1,0,0,0,0
0005f7aaab2800f6170c399693a96917_39_31.jpg,1,0,0,0,0
0005f7aaab2800f6170c399693a96917_40_28.jpg,1,0,0,0,0
0005f7aaab2800f6170c399693a96917_40_29.jpg,1,0,0,0,0
0005f7aaab2800f6170c399693a96917_40_30.jpg,1,0,0,0,0
0005f7aaab2800f6170c399693a96917_40_31.jpg,1,0,0,0,0
0005f7aaab2800f6170c399693a96917_41_28.jpg,1,0,0,0,0
0005f7aaab2800f6170c399693a96917_41_29.jpg,1,0,0,0,0
0005f7aaab2800f6170c399693a96917_41_30.jpg,1,0,0,0,0
0005f7aaab2800f6170c399693a96917_41_31.jpg,1,0,0,0,0
0005f7aaab2800f6170c399693a96917_41_32.jpg,1,0,0,0,0
0005f7aaab2800f6170c399693a96917_42_28.jpg,1,0,0,0,0
0005f7aaab2800f6170c399693a96917_42_29.jpg,1,0,0,0,0
0005f7aaab2800f6170c399693a96917_42_30.jpg,1,0,0,0,0
0005f7aaab2800f6170c399693a96917_42_31.jpg,1,0,0,0,0
0005f7aaab2800f6170c399693a96917_42_32.jpg,1,0,0,0,0
0005f7aaab2800f6170c399693a96917_43_28.jpg,1,0,0,0,0
0005f7aaab2800f6170c399693a96917_43_29.jpg,1,0,0,0,0
0005f7aaab2800f6170c399693a96917_43_30.jpg,1,0,0,0,0
0005f7aaab2800f6170c399693a96917_43_31.jpg,1,0,0,0,0
0005f7aaab2800f6170c399693a96917_43_32.jpg,1,0,0,0,0
0005f7aaab2800f6170c399693a96917_44_28.jpg,1,0,0,0,0
0005f7aaab2800f6170c399693a96917_44_29.jpg,1,0,0,0,0
0005f7aaab2800f6170c399693a96917_44_30.jpg,1,0,0,0,0
0005f7aaab2800f6170c399693a96917_44_31.jpg,1,0,0,0,0
0005f7aaab2800f6170c399693a96917_44_32.jpg,1,0,0,0,0
0005f7aaab2800f6170c399693a96917_45_28.jpg,1,0,0,0,0
0005f7aaab2800f6170c399693a96917_45_29.jpg,1,0,0,0,0
0005f7aaab2800f6170c399693a96917_45_30.jpg,1,0,0,0,0
0005f7aaab2800f6170c399693a96917_45_31.jpg,1,0,0,0,0
0005f7aaab2800f6170c399693a96917_45_32.jpg,1,0,0,0,0
0005f7aaab2800f6170c399693a96917_45_33.jpg,1,0,0,0,0
0005f7aaab2800f6170c399693a96917_46_28.jpg,1,0,0,0,0
0005f7aaab2800f6170c399693a96917_46_29.jpg,1,0,0,0,0
0005f7aaab2800f6170c399693a96917_46_30.jpg,1,0,0,0,0
0005f7aaab2800f6170c399693a96917_46_31.jpg,1,0,0,0,0
0005f7aaab2800f6170c399693a96917_46_32.jpg,1,0,0,0,0
0005f7aaab2800f6170c399693a96917_46_33.jpg,1,0,0,0,0
0005f7aaab2800f6170c399693a96917_47_28.jpg,1,0,0,0,0
0005f7aaab2800f6170c399693a96917_47_29.jpg,1,0,0,0,0
0005f7aaab2800f6170c399693a96917_47_30.jpg,1,0,0,0,0
0005f7aaab2800f6170c399693a96917_47_31.jpg,1,0,0,0,0
0005f7aaab2800f6170c399693a96917_47_32.jpg,1,0,0,0,0
0005f7aaab2800f6170c399693a96917_47_33.jpg,1,0,0,0,0
0005f7aaab2800f6170c399693a96917_48_28.jpg,1,0,0,0,0
0005f7aaab2800f6170c399693a96917_48_29.jpg,1,0,0,0,0
0005f7aaab2800f6170c399693a96917_48_30.jpg,1,0,0,0,0
0005f7aaab2800f6170c399693a96917_48_31.jpg,1,0,0,0,0
0005f7aaab2800f6170c399693a96917_48_32.jpg,1,0,0,0,0
0005f7aaab2800f6170c399693a96917_49_28.jpg,1,0,0,0,0
0005f7aaab2800f6170c399693a96917_49_29.jpg,1,0,0,0,0
0005f7aaab2800f6170c399693a96917_49_30.jpg,1,0,0,0,0
0005f7aaab2800f6170c399693a96917_49_31.jpg,1,0,0,0,0
0005f7aaab2800f6170c399693a96917_49_32.jpg,1,0,0,0,0
0005f7aaab2800f6170c399693a96917_50_28.jpg,1,0,0,0,0
0005f7aaab2800f6170c399693a96917_50_29.jpg,1,0,0,0,0
0005f7aaab2800f6170c399693a96917_50_30.jpg,1,0,0,0,0
0005f7aaab2800f6170c399693a96917_50_31.jpg,1,0,0,0,0
0005f7aaab2800f6170c399693a96917_50_32.jpg,1,0,0,0,0
0005f7aaab2800f6170c399693a96917_51_27.jpg,1,0,0,0,0
0005f7aaab2800f6170c399693a96917_51_28.jpg,1,0,0,0,0
0005f7aaab2800f6170c399693a96917_51_29.jpg,1,0,0,0,0
0005f7aaab2800f6170c399693a96917_51_30.jpg,1,0,0,0,0
0005f7aaab2800f6170c399693a96917_51_31.jpg,1,0,0,0,0
0005f7aaab2800f6170c399693a96917_51_32.jpg,1,0,0,0,0
0005f7aaab2800f6170c399693a96917_52_27.jpg,1,0,0,0,0
0005f7aaab2800f6170c399693a96917_52_28.jpg,1,0,0,0,0
0005f7aaab2800f6170c399693a96917_52_29.jpg,1,0,0,0,0
0005f7aaab2800f6170c399693a96917_52_30.jpg,1,0,0,0,0
0005f7aaab2800f6170c399693a96917_52_31.jpg,1,0,0,0,0
0005f7aaab2800f6170c399693a96917_52_32.jpg,1,0,0,0,0
0005f7aaab2800f6170c399693a96917_53_27.jpg,1,0,0,0,0
0005f7aaab2800f6170c399693a96917_53_28.jpg,1,0,0,0,0
0005f7aaab2800f6170c399693a96917_53_29.jpg,1,0,0,0,0
0005f7aaab2800f6170c399693a96917_53_30.jpg,1,0,0,0,0
0005f7aaab2800f6170c399693a96917_53_31.jpg,1,0,0,0,0
0005f7aaab2800f6170c399693a96917_54_27.jpg,1,0,0,0,0
0005f7aaab2800f6170c399693a96917_54_28.jpg,1,0,0,0,0
0005f7aaab2800f6170c399693a96917_54_29.jpg,1,0,0,0,0
0005f7aaab2800f6170c399693a96917_54_30.jpg,1,0,0,0,0
0005f7aaab2800f6170c399693a96917_54_31.jpg,1,0,0,0,0
0005f7aaab2800f6170c399693a96917_55_26.jpg,1,0,0,0,0
0005f7aaab2800f6170c399693a96917_55_27.jpg,1,0,0,0,0
0005f7aaab2800f6170c399693a96917_55_28.jpg,1,0,0,0,0
0005f7aaab2800f6170c399693a96917_55_29.jpg,1,0,0,0,0
0005f7aaab2800f6170c399693a96917_55_30.jpg,1,0,0,0,0
0005f7aaab2800f6170c399693a96917_56_26.jpg,1,0,0,0,0
0005f7aaab2800f6170c399693a96917_56_27.jpg,1,0,0,0,0
0005f7aaab2800f6170c399693a96917_56_28.jpg,1,0,0,0,0
0005f7aaab2800f6170c399693a96917_56_29.jpg,1,0,0,0,0
0005f7aaab2800f6170c399693a96917_56_30.jpg,1,0,0,0,0
0005f7aaab2800f6170c399693a96917_57_26.jpg,1,0,0,0,0
0005f7aaab2800f6170c399693a96917_57_27.jpg,1,0,0,0,0
0005f7aaab2800f6170c399693a96917_57_28.jpg,1,0,0,0,0
0005f7aaab2800f6170c399693a96917_57_29.jpg,1,0,0,0,0
0005f7aaab2800f6170c399693a96917_57_30.jpg,1,0,0,0,0
0005f7aaab2800f6170c399693a96917_58_26.jpg,1,0,0,0,0
0005f7aaab2800f6170c399693a96917_58_27.jpg,1,0,0,0,0
0005f7aaab2800f6170c399693a96917_58_28.jpg,1,0,0,0,0
0005f7aaab2800f6170c399693a96917_58_29.jpg,1,0,0,0,0
0005f7aaab2800f6170c399693a96917_58_30.jpg,1,0,0,0,0
0005f7aaab2800f6170c399693a96917_59_26.jpg,1,0,0,0,0
0005f7aaab2800f6170c399693a96917_59_27.jpg,1,0,0,0,0
0005f7aaab2800f6170c399693a96917_59_28.jpg,1,0,0,0,0
0005f7aaab2800f6170c399693a96917_59_29.jpg,1,0,0,0,0
0005f7aaab2800f6170c399693a96917_59_30.jpg,1,0,0,0,0
0005f7aaab2800f6170c399693a96917_60_26.jpg,1,0,0,0,0
0005f7aaab2800f6170c399693a96917_60_27.jpg,1,0,0,0,0
0005f7aaab2800f6170c399693a96917_60_28.jpg,1,0,0,0,0
0005f7aaab2800f6170c399693a96917_60_29.jpg,1,0,0,0,0
0005f7aaab2800f6170c399693a96917_60_30.jpg,1,0,0,0,0
0005f7aaab2800f6170c399693a96917_61_26.jpg,1,0,0,0,0
0005f7aaab2800f6170c399693a96917_61_27.jpg,1,0,0,0,0
0005f7aaab2800f6170c399693a96917_61_28.jpg,1,0,0,0,0
0005f7aaab2800f6170c399693a96917_61_29.jpg,1,0,0,0,0
0005f7aaab2800f6170c399693a96917_61_30.jpg,1,0,0,0,0
0005f7aaab2800f6170c399693a96917_62_26.jpg,1,0,0,0,0
0005f7aaab2800f6170c399693a96917_62_27.jpg,1,0,0,0,0
0005f7aaab2800f6170c399693a96917_62_28.jpg,1,0,0,0,0
0005f7aaab2800f6170c399693a96917_62_29.jpg,1,0,0,0,0
0005f7aaab2800f6170c399693a96917_62_30.jpg,1,0,0,0,0
0005f7aaab2800f6170c399693a96917_63_26.jpg,1,0,0,0,0
0005f7aaab2800f6170c399693a96917_63_27.jpg,1,0,0,0,0
0005f7aaab2800f6170c399693a96917_63_28.jpg,1,0,0,0,0
0005f7aaab2800f6170c399693a96917_63_29.jpg,1,0,0,0,0
0005f7aaab2800f6170c399693a96917_63_30.jpg,1,0,0,0,0
0005f7aaab2800f6170c399693a96917_64_25.jpg,1,0,0,0,0
0005f7aaab2800f6170c399693a96917_64_26.jpg,1,0,0,0,0
0005f7aaab2800f6170c399693a96917_64_27.jpg,1,0,0,0,0
0005f7aaab2800f6170c399693a96917_64_28.jpg,1,0,0,0,0
0005f7aaab2800f6170c399693a96917_64_29.jpg,1,0,0,0,0
0005f7aaab2800f6170c399693a96917_64_30.jpg,1,0,0,0,0
0005f7aaab2800f6170c399693a96917_65_25.jpg,1,0,0,0,0
0005f7aaab2800f6170c399693a96917_65_26.jpg,1,0,0,0,0
0005f7aaab2800f6170c399693a96917_65_27.jpg,1,0,0,0,0
0005f7aaab2800f6170c399693a96917_65_28.jpg,1,0,0,0,0
0005f7aaab2800f6170c399693a96917_65_29.jpg,1,0,0,0,0
0005f7aaab2800f6170c399693a96917_65_30.jpg,1,0,0,0,0
0005f7aaab2800f6170c399693a96917_66_25.jpg,1,0,0,0,0
0005f7aaab2800f6170c399693a96917_66_26.jpg,1,0,0,0,0
0005f7aaab2800f6170c399693a96917_66_27.jpg,1,0,0,0,0
0005f7aaab2800f6170c399693a96917_66_28.jpg,1,0,0,0,0
0005f7aaab2800f6170c399693a96917_66_29.jpg,1,0,0,0,0
0005f7aaab2800f6170c399693a96917_67_24.jpg,1,0,0,0,0
0005f7aaab2800f6170c399693a96917_67_25.jpg,1,0,0,0,0
0005f7aaab2800f6170c399693a96917_67_26.jpg,1,0,0,0,0
0005f7aaab2800f6170c399693a96917_67_27.jpg,1,0,0,0,0
0005f7aaab2800f6170c399693a96917_67_28.jpg,1,0,0,0,0
0005f7aaab2800f6170c399693a96917_68_23.jpg,1,0,0,0,0
0005f7aaab2800f6170c399693a96917_68_24.jpg,1,0,0,0,0
0005f7aaab2800f6170c399693a96917_68_25.jpg,1,0,0,0,0
0005f7aaab2800f6170c399693a96917_68_26.jpg,1,0,0,0,0
0005f7aaab2800f6170c399693a96917_68_27.jpg,1,0,0,0,0
0005f7aaab2800f6170c399693a96917_69_23.jpg,1,0,0,0,0
0005f7aaab2800f6170c399693a96917_69_24.jpg,1,0,0,0,0
0005f7aaab2800f6170c399693a96917_69_25.jpg,1,0,0,0,0
0005f7aaab2800f6170c399693a96917_69_26.jpg,1,0,0,0,0
0005f7aaab2800f6170c399693a96917_70_22.jpg,1,0,0,0,0
0005f7aaab2800f6170c399693a96917_70_23.jpg,1,0,0,0,0
0005f7aaab2800f6170c399693a96917_70_24.jpg,1,0,0,0,0
0005f7aaab2800f6170c399693a96917_70_25.jpg,1,0,0,0,0
0005f7aaab2800f6170c399693a96917_70_26.jpg,1,0,0,0,0
0005f7aaab2800f6170c399693a96917_71_22.jpg,1,0,0,0,0
0005f7aaab2800f6170c399693a96917_71_23.jpg,1,0,0,0,0
0005f7aaab2800f6170c399693a96917_71_24.jpg,1,0,0,0,0
0005f7aaab2800f6170c399693a96917_71_25.jpg,1,0,0,0,0
0005f7aaab2800f6170c399693a96917_71_26.jpg,1,0,0,0,0
0005f7aaab2800f6170c399693a96917_72_22.jpg,1,0,0,0,0
0005f7aaab2800f6170c399693a96917_72_23.jpg,1,0,0,0,0
0005f7aaab2800f6170c399693a96917_72_24.jpg,1,0,0,0,0
0005f7aaab2800f6170c399693a96917_72_25.jpg,1,0,0,0,0
0005f7aaab2800f6170c399693a96917_73_22.jpg,1,0,0,0,0
0005f7aaab2800f6170c399693a96917_73_23.jpg,1,0,0,0,0
0005f7aaab2800f6170c399693a96917_73_24.jpg,1,0,0,0,0
0005f7aaab2800f6170c399693a96917_73_25.jpg,1,0,0,0,0
0005f7aaab2800f6170c399693a96917_74_21.jpg,1,0,0,0,0
0005f7aaab2800f6170c399693a96917_74_22.jpg,1,0,0,0,0
0005f7aaab2800f6170c399693a96917_74_23.jpg,1,0,0,0,0
0005f7aaab2800f6170c399693a96917_74_24.jpg,1,0,0,0,0
0005f7aaab2800f6170c399693a96917_74_25.jpg,1,0,0,0,0
0005f7aaab2800f6170c399693a96917_75_21.jpg,1,0,0,0,0
0005f7aaab2800f6170c399693a96917_75_22.jpg,1,0,0,0,0
0005f7aaab2800f6170c399693a96917_75_23.jpg,1,0,0,0,0
0005f7aaab2800f6170c399693a96917_75_24.jpg,1,0,0,0,0
0005f7aaab2800f6170c399693a96917_75_25.jpg,1,0,0,0,0
0005f7aaab2800f6170c399693a96917_76_21.jpg,1,0,0,0,0
0005f7aaab2800f6170c399693a96917_76_22.jpg,1,0,0,0,0
0005f7aaab2800f6170c399693a96917_76_23.jpg,1,0,0,0,0
0005f7aaab2800f6170c399693a96917_76_24.jpg,1,0,0,0,0
0005f7aaab2800f6170c399693a96917_76_25.jpg,1,0,0,0,0
0005f7aaab2800f6170c399693a96917_77_21.jpg,1,0,0,0,0
0005f7aaab2800f6170c399693a96917_77_22.jpg,1,0,0,0,0
0005f7aaab2800f6170c399693a96917_77_23.jpg,1,0,0,0,0
0005f7aaab2800f6170c399693a96917_77_24.jpg,1,0,0,0,0
0005f7aaab2800f6170c399693a96917_78_21.jpg,1,0,0,0,0
0005f7aaab2800f6170c399693a96917_78_22.jpg,1,0,0,0,0
0005f7aaab2800f6170c399693a96917_78_23.jpg,1,0,0,0,0
0005f7aaab2800f6170c399693a96917_78_24.jpg,1,0,0,0,0
0005f7aaab2800f6170c399693a96917_79_21.jpg,1,0,0,0,0
0005f7aaab2800f6170c399693a96917_79_22.jpg,1,0,0,0,0
0005f7aaab2800f6170c399693a96917_79_23.jpg,1,0,0,0,0
0005f7aaab2800f6170c399693a96917_79_24.jpg,1,0,0,0,0
0005f7aaab2800f6170c399693a96917_80_21.jpg,1,0,0,0,0
0005f7aaab2800f6170c399693a96917_80_22.jpg,1,0,0,0,0
0005f7aaab2800f6170c399693a96917_80_23.jpg,1,0,0,0,0
0005f7aaab2800f6170c399693a96917_80_24.jpg,1,0,0,0,0
0005f7aaab2800f6170c399693a96917_81_21.jpg,1,0,0,0,0
0005f7aaab2800f6170c399693a96917_81_22.jpg,1,0,0,0,0
0005f7aaab2800f6170c399693a96917_81_23.jpg,1,0,0,0,0
0005f7aaab2800f6170c399693a96917_81_24.jpg,1,0,0,0,0
0005f7aaab2800f6170c399693a96917_82_22.jpg,1,0,0,0,0
0005f7aaab2800f6170c399693a96917_82_23.jpg,1,0,0,0,0
0005f7aaab2800f6170c399693a96917_82_24.jpg,1,0,0,0,0
0005f7aaab2800f6170c399693a96917_83_22.jpg,1,0,0,0,0
0005f7aaab2800f6170c399693a96917_83_23.jpg,1,0,0,0,0
0005f7aaab2800f6170c399693a96917_83_24.jpg,1,0,0,0,0
0005f7aaab2800f6170c399693a96917_84_21.jpg,1,0,0,0,0
0005f7aaab2800f6170c399693a96917_84_22.jpg,1,0,0,0,0
0005f7aaab2800f6170c399693a96917_84_23.jpg,1,0,0,0,0
0005f7aaab2800f6170c399693a96917_84_24.jpg,1,0,0,0,0
0005f7aaab2800f6170c399693a96917_85_20.jpg,1,0,0,0,0
0005f7aaab2800f6170c399693a96917_85_21.jpg,1,0,0,0,0
0005f7aaab2800f6170c399693a96917_85_22.jpg,1,0,0,0,0
0005f7aaab2800f6170c399693a96917_85_23.jpg,1,0,0,0,0
0005f7aaab2800f6170c399693a96917_86_20.jpg,1,0,0,0,0
0005f7aaab2800f6170c399693a96917_86_21.jpg,1,0,0,0,0
0005f7aaab2800f6170c399693a96917_86_22.jpg,1,0,0,0,0
0005f7aaab2800f6170c399693a96917_86_23.jpg,1,0,0,0,0
0005f7aaab2800f6170c399693a96917_87_20.jpg,1,0,0,0,0
0005f7aaab2800f6170c399693a96917_87_21.jpg,1,0,0,0,0
0005f7aaab2800f6170c399693a96917_87_22.jpg,1,0,0,0,0
0005f7aaab2800f6170c399693a96917_87_23.jpg,1,0,0,0,0
0005f7aaab2800f6170c399693a96917_88_19.jpg,1,0,0,0,0
0005f7aaab2800f6170c399693a96917_88_20.jpg,1,0,0,0,0
0005f7aaab2800f6170c399693a96917_88_21.jpg,1,0,0,0,0
0005f7aaab2800f6170c399693a96917_88_22.jpg,1,0,0,0,0
0005f7aaab2800f6170c399693a96917_88_23.jpg,1,0,0,0,0
0005f7aaab2800f6170c399693a96917_89_18.jpg,1,0,0,0,0
0005f7aaab2800f6170c399693a96917_89_19.jpg,1,0,0,0,0
0005f7aaab2800f6170c399693a96917_89_20.jpg,1,0,0,0,0
0005f7aaab2800f6170c399693a96917_89_21.jpg,1,0,0,0,0
0005f7aaab2800f6170c399693a96917_89_22.jpg,1,0,0,0,0
0005f7aaab2800f6170c399693a96917_90_17.jpg,1,0,0,0,0
0005f7aaab2800f6170c399693a96917_90_18.jpg,1,0,0,0,0
0005f7aaab2800f6170c399693a96917_90_19.jpg,1,0,0,0,0
0005f7aaab2800f6170c399693a96917_90_20.jpg,1,0,0,0,0
0005f7aaab2800f6170c399693a96917_90_21.jpg,1,0,0,0,0
0005f7aaab2800f6170c399693a96917_90_22.jpg,1,0,0,0,0
0005f7aaab2800f6170c399693a96917_91_17.jpg,1,0,0,0,0
0005f7aaab2800f6170c399693a96917_91_18.jpg,1,0,0,0,0
0005f7aaab2800f6170c399693a96917_91_19.jpg,1,0,0,0,0
0005f7aaab2800f6170c399693a96917_91_20.jpg,1,0,0,0,0
0005f7aaab2800f6170c399693a96917_91_21.jpg,1,0,0,0,0
0005f7aaab2800f6170c399693a96917_91_22.jpg,1,0,0,0,0
0005f7aaab2800f6170c399693a96917_92_16.jpg,1,0,0,0,0
0005f7aaab2800f6170c399693a96917_92_17.jpg,1,0,0,0,0
0005f7aaab2800f6170c399693a96917_92_18.jpg,1,0,0,0,0
0005f7aaab2800f6170c399693a96917_92_19.jpg,1,0,0,0,0
0005f7aaab2800f6170c399693a96917_92_20.jpg,1,0,0,0,0
0005f7aaab2800f6170c399693a96917_92_21.jpg,1,0,0,0,0
0005f7aaab2800f6170c399693a96917_93_16.jpg,1,0,0,0,0
0005f7aaab2800f6170c399693a96917_93_17.jpg,1,0,0,0,0
0005f7aaab2800f6170c399693a96917_93_18.jpg,1,0,0,0,0
0005f7aaab2800f6170c399693a96917_93_19.jpg,1,0,0,0,0
0005f7aaab2800f6170c399693a96917_93_20.jpg,1,0,0,0,0
0005f7aaab2800f6170c399693a96917_94_15.jpg,1,0,0,0,0
0005f7aaab2800f6170c399693a96917_94_16.jpg,1,0,0,0,0
0005f7aaab2800f6170c399693a96917_94_17.jpg,1,0,0,0,0
0005f7aaab2800f6170c399693a96917_94_18.jpg,1,0,0,0,0
0005f7aaab2800f6170c399693a96917_94_19.jpg,1,0,0,0,0
0005f7aaab2800f6170c399693a96917_95_16.jpg,1,0,0,0,0
0005f7aaab2800f6170c399693a96917_95_17.jpg,1,0,0,0,0
0005f7aaab2800f6170c399693a96917_95_18.jpg,1,0,0,0,0
001c62abd11fa4b57bf7a6c603a11bb9_25_17.jpg,0,0,0,0,1
001c62abd11fa4b57bf7a6c603a11bb9_26_15.jpg,0,0,0,0,1
001c62abd11fa4b57bf7a6c603a11bb9_26_16.jpg,0,0,0,0,1
001c62abd11fa4b57bf7a6c603a11bb9_26_17.jpg,0,0,0,0,1
001c62abd11fa4b57bf7a6c603a11bb9_26_18.jpg,0,0,0,0,1
001c62abd11fa4b57bf7a6c603a11bb9_27_13.jpg,0,0,0,0,1
001c62abd11fa4b57bf7a6c603a11bb9_27_14.jpg,0,0,0,0,1
001c62abd11fa4b57bf7a6c603a11bb9_27_15.jpg,0,0,0,0,1
001c62abd11fa4b57bf7a6c603a11bb9_27_16.jpg,0,0,0,0,1
001c62abd11fa4b57bf7a6c603a11bb9_27_17.jpg,0,0,0,0,1
001c62abd11fa4b57bf7a6c603a11bb9_27_18.jpg,0,0,0,0,1
001c62abd11fa4b57bf7a6c603a11bb9_27_19.jpg,0,0,0,0,1
001c62abd11fa4b57bf7a6c603a11bb9_28_11.jpg,0,0,0,0,1
001c62abd11fa4b57bf7a6c603a11bb9_28_12.jpg,0,0,0,0,1
001c62abd11fa4b57bf7a6c603a11bb9_28_13.jpg,0,0,0,0,1
001c62abd11fa4b57bf7a6c603a11bb9_28_14.jpg,0,0,0,0,1
001c62abd11fa4b57bf7a6c603a11bb9_28_15.jpg,0,0,0,0,1
001c62abd11fa4b57bf7a6c603a11bb9_28_16.jpg,0,0,0,0,1
001c62abd11fa4b57bf7a6c603a11bb9_28_17.jpg,0,0,0,0,1
001c62abd11fa4b57bf7a6c603a11bb9_28_18.jpg,0,0,0,0,1
001c62abd11fa4b57bf7a6c603a11bb9_28_19.jpg,0,0,0,0,1
001c62abd11fa4b57bf7a6c603a11bb9_29_11.jpg,0,0,0,0,1
001c62abd11fa4b57bf7a6c603a11bb9_29_12.jpg,0,0,0,0,1
001c62abd11fa4b57bf7a6c603a11bb9_29_13.jpg,0,0,0,0,1
001c62abd11fa4b57bf7a6c603a11bb9_29_14.jpg,0,0,0,0,1
001c62abd11fa4b57bf7a6c603a11bb9_29_15.jpg,0,0,0,0,1
001c62abd11fa4b57bf7a6c603a11bb9_29_16.jpg,0,0,0,0,1
001c62abd11fa4b57bf7a6c603a11bb9_29_17.jpg,0,0,0,0,1
001c62abd11fa4b57bf7a6c603a11bb9_29_18.jpg,0,0,0,0,1
001c62abd11fa4b57bf7a6c603a11bb9_29_19.jpg,0,0,0,0,1
001c62abd11fa4b57bf7a6c603a11bb9_30_11.jpg,0,0,0,0,1
001c62abd11fa4b57bf7a6c603a11bb9_30_12.jpg,0,0,0,0,1
001c62abd11fa4b57bf7a6c603a11bb9_30_13.jpg,0,0,0,0,1
001c62abd11fa4b57bf7a6c603a11bb9_30_14.jpg,0,0,0,0,1
001c62abd11fa4b57bf7a6c603a11bb9_30_15.jpg,0,0,0,0,1
001c62abd11fa4b57bf7a6c603a11bb9_30_16.jpg,0,0,0,0,1
001c62abd11fa4b57bf7a6c603a11bb9_30_17.jpg,0,0,0,0,1
001c62abd11fa4b57bf7a6c603a11bb9_30_18.jpg,0,0,0,0,1
001c62abd11fa4b57bf7a6c603a11bb9_30_19.jpg,0,0,0,0,1
001c62abd11fa4b57bf7a6c603a11bb9_31_11.jpg,0,0,0,0,1
001c62abd11fa4b57bf7a6c603a11bb9_31_12.jpg,0,0,0,0,1
001c62abd11fa4b57bf7a6c603a11bb9_31_13.jpg,0,0,0,0,1
001c62abd11fa4b57bf7a6c603a11bb9_31_14.jpg,0,0,0,0,1
001c62abd11fa4b57bf7a6c603a11bb9_31_15.jpg,0,0,0,0,1
001c62abd11fa4b57bf7a6c603a11bb9_31_16.jpg,0,0,0,0,1
001c62abd11fa4b57bf7a6c603a11bb9_31_17.jpg,0,0,0,0,1
001c62abd11fa4b57bf7a6c603a11bb9_31_18.jpg,0,0,0,0,1
001c62abd11fa4b57bf7a6c603a11bb9_32_11.jpg,0,0,0,0,1
001c62abd11fa4b57bf7a6c603a11bb9_32_12.jpg,0,0,0,0,1
001c62abd11fa4b57bf7a6c603a11bb9_32_13.jpg,0,0,0,0,1
001c62abd11fa4b57bf7a6c603a11bb9_32_14.jpg,0,0,0,0,1
001c62abd11fa4b57bf7a6c603a11bb9_32_15.jpg,0,0,0,0,1
001c62abd11fa4b57bf7a6c603a11bb9_32_16.jpg,0,0,0,0,1
001c62abd11fa4b57bf7a6c603a11bb9_32_17.jpg,0,0,0,0,1
001c62abd11fa4b57bf7a6c603a11bb9_33_12.jpg,0,0,0,0,1
001c62abd11fa4b57bf7a6c603a11bb9_33_13.jpg,0,0,0,0,1
001c62abd11fa4b57bf7a6c603a11bb9_33_14.jpg,0,0,0,0,1
001c62abd11fa4b57bf7a6c603a11bb9_33_15.jpg,0,0,0,0,1
001c62abd11fa4b57bf7a6c603a11bb9_33_16.jpg,0,0,0,0,1
001c62abd11fa4b57bf7a6c603a11bb9_33_17.jpg,0,0,0,0,1
001c62abd11fa4b57bf7a6c603a11bb9_33_18.jpg,0,0,0,0,1
001c62abd11fa4b57bf7a6c603a11bb9_34_12.jpg,0,0,0,0,1
001c62abd11fa4b57bf7a6c603a11bb9_34_13.jpg,0,0,0,0,1
001c62abd11fa4b57bf7a6c603a11bb9_34_14.jpg,0,0,0,0,1
001c62abd11fa4b57bf7a6c603a11bb9_34_15.jpg,0,0,0,0,1
001c62abd11fa4b57bf7a6c603a11bb9_34_16.jpg,0,0,0,0,1
001c62abd11fa4b57bf7a6c603a11bb9_34_17.jpg,0,0,0,0,1
001c62abd11fa4b57bf7a6c603a11bb9_34_18.jpg,0,0,0,0,1
001c62abd11fa4b57bf7a6c603a11bb9_35_13.jpg,0,0,0,0,1
001c62abd11fa4b57bf7a6c603a11bb9_35_14.jpg,0,0,0,0,1
001c62abd11fa4b57bf7a6c603a11bb9_35_15.jpg,0,0,0,0,1
001c62abd11fa4b57bf7a6c603a11bb9_35_16.jpg,0,0,0,0,1
001c62abd11fa4b57bf7a6c603a11bb9_35_17.jpg,0,0,0,0,1
001c62abd11fa4b57bf7a6c603a11bb9_35_18.jpg,0,0,0,0,1
001c62abd11fa4b57bf7a6c603a11bb9_36_14.jpg,0,0,0,0,1
001c62abd11fa4b57bf7a6c603a11bb9_36_15.jpg,0,0,0,0,1
001c62abd11fa4b57bf7a6c603a11bb9_36_16.jpg,0,0,0,0,1
001c62abd11fa4b57bf7a6c603a11bb9_36_17.jpg,0,0,0,0,1
001c62abd11fa4b57bf7a6c603a11bb9_36_18.jpg,0,0,0,0,1
001c62abd11fa4b57bf7a6c603a11bb9_36_19.jpg,0,0,0,0,1
001c62abd11fa4b57bf7a6c603a11bb9_37_14.jpg,0,0,0,0,1
001c62abd11fa4b57bf7a6c603a11bb9_37_15.jpg,0,0,0,0,1
001c62abd11fa4b57bf7a6c603a11bb9_37_16.jpg,0,0,0,0,1
001c62abd11fa4b57bf7a6c603a11bb9_37_17.jpg,0,0,0,0,1
001c62abd11fa4b57bf7a6c603a11bb9_37_18.jpg,0,0,0,0,1
001c62abd11fa4b57bf7a6c603a11bb9_37_19.jpg,0,0,0,0,1
001c62abd11fa4b57bf7a6c603a11bb9_38_15.jpg,0,0,0,0,1
001c62abd11fa4b57bf7a6c603a11bb9_38_16.jpg,0,0,0,0,1
001c62abd11fa4b57bf7a6c603a11bb9_38_17.jpg,0,0,0,0,1
001c62abd11fa4b57bf7a6c603a11bb9_38_18.jpg,0,0,0,0,1
001c62abd11fa4b57bf7a6c603a11bb9_38_19.jpg,0,0,0,0,1
001c62abd11fa4b57bf7a6c603a11bb9_38_20.jpg,0,0,0,0,1
001c62abd11fa4b57bf7a6c603a11bb9_39_16.jpg,0,0,0,0,1
001c62abd11fa4b57bf7a6c603a11bb9_39_17.jpg,0,0,0,0,1
001c62abd11fa4b57bf7a6c603a11bb9_39_18.jpg,0,0,0,0,1
001c62abd11fa4b57bf7a6c603a11bb9_39_19.jpg,0,0,0,0,1
001c62abd11fa4b57bf7a6c603a11bb9_39_20.jpg,0,0,0,0,1
001c62abd11fa4b57bf7a6c603a11bb9_40_16.jpg,0,0,0,0,1
001c62abd11fa4b57bf7a6c603a11bb9_40_17.jpg,0,0,0,0,1
001c62abd11fa4b57bf7a6c603a11bb9_40_18.jpg,0,0,0,0,1
001c62abd11fa4b57bf7a6c603a11bb9_40_19.jpg,0,0,0,0,1
001c62abd11fa4b57bf7a6c603a11bb9_40_20.jpg,0,0,0,0,1
001c62abd11fa4b57bf7a6c603a11bb9_40_21.jpg,0,0,0,0,1
001c62abd11fa4b57bf7a6c603a11bb9_41_16.jpg,0,0,0,0,1
001c62abd11fa4b57bf7a6c603a11bb9_41_17.jpg,0,0,0,0,1
001c62abd11fa4b57bf7a6c603a11bb9_41_18.jpg,0,0,0,0,1
001c62abd11fa4b57bf7a6c603a11bb9_41_19.jpg,0,0,0,0,1
001c62abd11fa4b57bf7a6c603a11bb9_41_20.jpg,0,0,0,0,1
001c62abd11fa4b57bf7a6c603a11bb9_41_21.jpg,0,0,0,0,1
001c62abd11fa4b57bf7a6c603a11bb9_42_17.jpg,0,0,0,0,1
001c62abd11fa4b57bf7a6c603a11bb9_42_18.jpg,0,0,0,0,1
001c62abd11fa4b57bf7a6c603a11bb9_42_19.jpg,0,0,0,0,1
001c62abd11fa4b57bf7a6c603a11bb9_42_20.jpg,0,0,0,0,1
001c62abd11fa4b57bf7a6c603a11bb9_42_21.jpg,0,0,0,0,1
001c62abd11fa4b57bf7a6c603a11bb9_42_22.jpg,0,0,0,0,1
001c62abd11fa4b57bf7a6c603a11bb9_43_18.jpg,0,0,0,0,1
001c62abd11fa4b57bf7a6c603a11bb9_43_19.jpg,0,0,0,0,1
001c62abd11fa4b57bf7a6c603a11bb9_43_20.jpg,0,0,0,0,1
001c62abd11fa4b57bf7a6c603a11bb9_43_21.jpg,0,0,0,0,1
001c62abd11fa4b57bf7a6c603a11bb9_43_22.jpg,0,0,0,0,1
001c62abd11fa4b57bf7a6c603a11bb9_43_23.jpg,0,0,0,0,1
001c62abd11fa4b57bf7a6c603a11bb9_44_19.jpg,0,0,0,0,1
001c62abd11fa4b57bf7a6c603a11bb9_44_20.jpg,0,0,0,0,1
001c62abd11fa4b57bf7a6c603a11bb9_44_21.jpg,0,0,0,0,1
001c62abd11fa4b57bf7a6c603a11bb9_44_22.jpg,0,0,0,0,1
001c62abd11fa4b57bf7a6c603a11bb9_44_23.jpg,0,0,0,0,1
001c62abd11fa4b57bf7a6c603a11bb9_44_24.jpg,0,0,0,0,1
001c62abd11fa4b57bf7a6c603a11bb9_45_19.jpg,0,0,0,0,1
001c62abd11fa4b57bf7a6c603a11bb9_45_20.jpg,0,0,0,0,1
001c62abd11fa4b57bf7a6c603a11bb9_45_21.jpg,0,0,0,0,1
001c62abd11fa4b57bf7a6c603a11bb9_45_22.jpg,0,0,0,0,1
001c62abd11fa4b57bf7a6c603a11bb9_45_23.jpg,0,0,0,0,1
001c62abd11fa4b57bf7a6c603a11bb9_45_24.jpg,0,0,0,0,1
001c62abd11fa4b57bf7a6c603a11bb9_45_25.jpg,0,0,0,0,1
001c62abd11fa4b57bf7a6c603a11bb9_46_19.jpg,0,0,0,0,1
001c62abd11fa4b57bf7a6c603a11bb9_46_20.jpg,0,0,0,0,1
001c62abd11fa4b57bf7a6c603a11bb9_46_21.jpg,0,0,0,0,1
001c62abd11fa4b57bf7a6c603a11bb9_46_22.jpg,0,0,0,0,1
001c62abd11fa4b57bf7a6c603a11bb9_46_23.jpg,0,0,0,0,1
001c62abd11fa4b57bf7a6c603a11bb9_46_24.jpg,0,0,0,0,1
001c62abd11fa4b57bf7a6c603a11bb9_46_25.jpg,0,0,0,0,1
001c62abd11fa4b57bf7a6c603a11bb9_46_26.jpg,0,0,0,0,1
001c62abd11fa4b57bf7a6c603a11bb9_47_20.jpg,0,0,0,0,1
001c62abd11fa4b57bf7a6c603a11bb9_47_21.jpg,0,0,0,0,1
001c62abd11fa4b57bf7a6c603a11bb9_47_22.jpg,0,0,0,0,1
001c62abd11fa4b57bf7a6c603a11bb9_47_23.jpg,0,0,0,0,1
001c62abd11fa4b57bf7a6c603a11bb9_47_24.jpg,0,0,0,0,1
001c62abd11fa4b57bf7a6c603a11bb9_47_25.jpg,0,0,0,0,1
001c62abd11fa4b57bf7a6c603a11bb9_47_26.jpg,0,0,0,0,1
001c62abd11fa4b57bf7a6c603a11bb9_47_27.jpg,0,0,0,0,1
001c62abd11fa4b57bf7a6c603a11bb9_48_20.jpg,0,0,0,0,1
001c62abd11fa4b57bf7a6c603a11bb9_48_21.jpg,0,0,0,0,1
001c62abd11fa4b57bf7a6c603a11bb9_48_22.jpg,0,0,0,0,1
001c62abd11fa4b57bf7a6c603a11bb9_48_23.jpg,0,0,0,0,1
001c62abd11fa4b57bf7a6c603a11bb9_48_24.jpg,0,0,0,0,1
001c62abd11fa4b57bf7a6c603a11bb9_48_25.jpg,0,0,0,0,1
001c62abd11fa4b57bf7a6c603a11bb9_48_26.jpg,0,0,0,0,1
001c62abd11fa4b57bf7a6c603a11bb9_48_27.jpg,0,0,0,0,1
001c62abd11fa4b57bf7a6c603a11bb9_48_28.jpg,0,0,0,0,1
001c62abd11fa4b57bf7a6c603a11bb9_48_29.jpg,0,0,0,0,1
001c62abd11fa4b57bf7a6c603a11bb9_48_30.jpg,0,0,0,0,1
001c62abd11fa4b57bf7a6c603a11bb9_49_21.jpg,0,0,0,0,1
001c62abd11fa4b57bf7a6c603a11bb9_49_22.jpg,0,0,0,0,1
001c62abd11fa4b57bf7a6c603a11bb9_49_23.jpg,0,0,0,0,1
001c62abd11fa4b57bf7a6c603a11bb9_49_24.jpg,0,0,0,0,1
001c62abd11fa4b57bf7a6c603a11bb9_49_25.jpg,0,0,0,0,1
001c62abd11fa4b57bf7a6c603a11bb9_49_26.jpg,0,0,0,0,1
001c62abd11fa4b57bf7a6c603a11bb9_49_27.jpg,0,0,0,0,1
001c62abd11fa4b57bf7a6c603a11bb9_49_28.jpg,0,0,0,0,1
001c62abd11fa4b57bf7a6c603a11bb9_49_29.jpg,0,0,0,0,1
001c62abd11fa4b57bf7a6c603a11bb9_49_30.jpg,0,0,0,0,1
001c62abd11fa4b57bf7a6c603a11bb9_49_31.jpg,0,0,0,0,1
001c62abd11fa4b57bf7a6c603a11bb9_50_22.jpg,0,0,0,0,1
001c62abd11fa4b57bf7a6c603a11bb9_50_23.jpg,0,0,0,0,1
001c62abd11fa4b57bf7a6c603a11bb9_50_24.jpg,0,0,0,0,1
001c62abd11fa4b57bf7a6c603a11bb9_50_25.jpg,0,0,0,0,1
001c62abd11fa4b57bf7a6c603a11bb9_50_26.jpg,0,0,0,0,1
001c62abd11fa4b57bf7a6c603a11bb9_50_27.jpg,0,0,0,0,1
001c62abd11fa4b57bf7a6c603a11bb9_50_28.jpg,0,0,0,0,1
001c62abd11fa4b57bf7a6c603a11bb9_50_29.jpg,0,0,0,0,1
001c62abd11fa4b57bf7a6c603a11bb9_50_30.jpg,0,0,0,0,1
001c62abd11fa4b57bf7a6c603a11bb9_50_31.jpg,0,0,0,0,1
001c62abd11fa4b57bf7a6c603a11bb9_50_32.jpg,0,0,0,0,1
001c62abd11fa4b57bf7a6c603a11bb9_51_23.jpg,0,0,0,0,1
001c62abd11fa4b57bf7a6c603a11bb9_51_24.jpg,0,0,0,0,1
001c62abd11fa4b57bf7a6c603a11bb9_51_25.jpg,0,0,0,0,1
001c62abd11fa4b57bf7a6c603a11bb9_51_26.jpg,0,0,0,0,1
001c62abd11fa4b57bf7a6c603a11bb9_51_27.jpg,0,0,0,0,1
001c62abd11fa4b57bf7a6c603a11bb9_51_28.jpg,0,0,0,0,1
001c62abd11fa4b57bf7a6c603a11bb9_51_29.jpg,0,0,0,0,1
001c62abd11fa4b57bf7a6c603a11bb9_51_30.jpg,0,0,0,0,1
001c62abd11fa4b57bf7a6c603a11bb9_51_31.jpg,0,0,0,0,1
001c62abd11fa4b57bf7a6c603a11bb9_51_32.jpg,0,0,0,0,1
001c62abd11fa4b57bf7a6c603a11bb9_51_33.jpg,0,0,0,0,1
001c62abd11fa4b57bf7a6c603a11bb9_51_34.jpg,0,0,0,0,1
001c62abd11fa4b57bf7a6c603a11bb9_52_24.jpg,0,0,0,0,1
001c62abd11fa4b57bf7a6c603a11bb9_52_25.jpg,0,0,0,0,1
001c62abd11fa4b57bf7a6c603a11bb9_52_26.jpg,0,0,0,0,1
001c62abd11fa4b57bf7a6c603a11bb9_52_27.jpg,0,0,0,0,1
001c62abd11fa4b57bf7a6c603a11bb9_52_28.jpg,0,0,0,0,1
001c62abd11fa4b57bf7a6c603a11bb9_52_29.jpg,0,0,0,0,1
001c62abd11fa4b57bf7a6c603a11bb9_52_30.jpg,0,0,0,0,1
001c62abd11fa4b57bf7a6c603a11bb9_52_31.jpg,0,0,0,0,1
001c62abd11fa4b57bf7a6c603a11bb9_52_32.jpg,0,0,0,0,1
001c62abd11fa4b57bf7a6c603a11bb9_52_33.jpg,0,0,0,0,1
001c62abd11fa4b57bf7a6c603a11bb9_52_34.jpg,0,0,0,0,1
001c62abd11fa4b57bf7a6c603a11bb9_52_35.jpg,0,0,0,0,1
001c62abd11fa4b57bf7a6c603a11bb9_52_36.jpg,0,0,0,0,1
001c62abd11fa4b57bf7a6c603a11bb9_53_25.jpg,0,0,0,0,1
001c62abd11fa4b57bf7a6c603a11bb9_53_26.jpg,0,0,0,0,1
001c62abd11fa4b57bf7a6c603a11bb9_53_27.jpg,0,0,0,0,1
001c62abd11fa4b57bf7a6c603a11bb9_53_28.jpg,0,0,0,0,1
001c62abd11fa4b57bf7a6c603a11bb9_53_29.jpg,0,0,0,0,1
001c62abd11fa4b57bf7a6c603a11bb9_53_30.jpg,0,0,0,0,1
001c62abd11fa4b57bf7a6c603a11bb9_53_31.jpg,0,0,0,0,1
001c62abd11fa4b57bf7a6c603a11bb9_53_32.jpg,0,0,0,0,1
001c62abd11fa4b57bf7a6c603a11bb9_53_33.jpg,0,0,0,0,1
001c62abd11fa4b57bf7a6c603a11bb9_53_34.jpg,0,0,0,0,1
001c62abd11fa4b57bf7a6c603a11bb9_53_35.jpg,0,0,0,0,1
001c62abd11fa4b57bf7a6c603a11bb9_53_36.jpg,0,0,0,0,1
001c62abd11fa4b57bf7a6c603a11bb9_53_37.jpg,0,0,0,0,1
001c62abd11fa4b57bf7a6c603a11bb9_54_29.jpg,0,0,0,0,1
001c62abd11fa4b57bf7a6c603a11bb9_54_30.jpg,0,0,0,0,1
001c62abd11fa4b57bf7a6c603a11bb9_54_31.jpg,0,0,0,0,1
001c62abd11fa4b57bf7a6c603a11bb9_54_32.jpg,0,0,0,0,1
001c62abd11fa4b57bf7a6c603a11bb9_54_33.jpg,0,0,0,0,1
001c62abd11fa4b57bf7a6c603a11bb9_54_34.jpg,0,0,0,0,1
001c62abd11fa4b57bf7a6c603a11bb9_54_35.jpg,0,0,0,0,1
001c62abd11fa4b57bf7a6c603a11bb9_54_36.jpg,0,0,0,0,1
001c62abd11fa4b57bf7a6c603a11bb9_54_37.jpg,0,0,0,0,1
001c62abd11fa4b57bf7a6c603a11bb9_54_38.jpg,0,0,0,0,1
001c62abd11fa4b57bf7a6c603a11bb9_55_30.jpg,0,0,0,0,1
001c62abd11fa4b57bf7a6c603a11bb9_55_31.jpg,0,0,0,0,1
001c62abd11fa4b57bf7a6c603a11bb9_55_32.jpg,0,0,0,0,1
001c62abd11fa4b57bf7a6c603a11bb9_55_33.jpg,0,0,0,0,1
001c62abd11fa4b57bf7a6c603a11bb9_55_34.jpg,0,0,0,0,1
001c62abd11fa4b57bf7a6c603a11bb9_55_35.jpg,0,0,0,0,1
001c62abd11fa4b57bf7a6c603a11bb9_55_36.jpg,0,0,0,0,1
001c62abd11fa4b57bf7a6c603a11bb9_55_37.jpg,0,0,0,0,1
001c62abd11fa4b57bf7a6c603a11bb9_55_38.jpg,0,0,0,0,1
001c62abd11fa4b57bf7a6c603a11bb9_55_39.jpg,0,0,0,0,1
001c62abd11fa4b57bf7a6c603a11bb9_56_32.jpg,0,0,0,0,1
001c62abd11fa4b57bf7a6c603a11bb9_56_33.jpg,0,0,0,0,1
001c62abd11fa4b57bf7a6c603a11bb9_56_34.jpg,0,0,0,0,1
001c62abd11fa4b57bf7a6c603a11bb9_56_35.jpg,0,0,0,0,1
001c62abd11fa4b57bf7a6c603a11bb9_56_36.jpg,0,0,0,0,1
001c62abd11fa4b57bf7a6c603a11bb9_56_37.jpg,0,0,0,0,1
001c62abd11fa4b57bf7a6c603a11bb9_56_38.jpg,0,0,0,0,1
001c62abd11fa4b57bf7a6c603a11bb9_56_39.jpg,0,0,0,0,1
001c62abd11fa4b57bf7a6c603a11bb9_57_33.jpg,0,0,0,0,1
001c62abd11fa4b57bf7a6c603a11bb9_57_34.jpg,0,0,0,0,1
001c62abd11fa4b57bf7a6c603a11bb9_57_35.jpg,0,0,0,0,1
001c62abd11fa4b57bf7a6c603a11bb9_57_36.jpg,0,0,0,0,1
001c62abd11fa4b57bf7a6c603a11bb9_57_37.jpg,0,0,0,0,1
001c62abd11fa4b57bf7a6c603a11bb9_57_38.jpg,0,0,0,0,1
001c62abd11fa4b57bf7a6c603a11bb9_57_39.jpg,0,0,0,0,1
001c62abd11fa4b57bf7a6c603a11bb9_57_40.jpg,0,0,0,0,1
001c62abd11fa4b57bf7a6c603a11bb9_58_33.jpg,0,0,0,0,1
001c62abd11fa4b57bf7a6c603a11bb9_58_34.jpg,0,0,0,0,1
001c62abd11fa4b57bf7a6c603a11bb9_58_35.jpg,0,0,0,0,1
001c62abd11fa4b57bf7a6c603a11bb9_58_36.jpg,0,0,0,0,1
001c62abd11fa4b57bf7a6c603a11bb9_58_37.jpg,0,0,0,0,1
001c62abd11fa4b57bf7a6c603a11bb9_58_38.jpg,0,0,0,0,1
001c62abd11fa4b57bf7a6c603a11bb9_58_39.jpg,0,0,0,0,1
001c62abd11fa4b57bf7a6c603a11bb9_58_40.jpg,0,0,0,0,1
001c62abd11fa4b57bf7a6c603a11bb9_58_41.jpg,0,0,0,0,1
001c62abd11fa4b57bf7a6c603a11bb9_59_34.jpg,0,0,0,0,1
001c62abd11fa4b57bf7a6c603a11bb9_59_35.jpg,0,0,0,0,1
001c62abd11fa4b57bf7a6c603a11bb9_59_36.jpg,0,0,0,0,1
001c62abd11fa4b57bf7a6c603a11bb9_59_37.jpg,0,0,0,0,1
001c62abd11fa4b57bf7a6c603a11bb9_59_38.jpg,0,0,0,0,1
001c62abd11fa4b57bf7a6c603a11bb9_59_39.jpg,0,0,0,0,1
001c62abd11fa4b57bf7a6c603a11bb9_59_40.jpg,0,0,0,0,1
001c62abd11fa4b57bf7a6c603a11bb9_59_41.jpg,0,0,0,0,1
001c62abd11fa4b57bf7a6c603a11bb9_60_36.jpg,0,0,0,0,1
001c62abd11fa4b57bf7a6c603a11bb9_60_37.jpg,0,0,0,0,1
001c62abd11fa4b57bf7a6c603a11bb9_60_38.jpg,0,0,0,0,1
001c62abd11fa4b57bf7a6c603a11bb9_60_39.jpg,0,0,0,0,1
001c62abd11fa4b57bf7a6c603a11bb9_60_40.jpg,0,0,0,0,1
001c62abd11fa4b57bf7a6c603a11bb9_60_41.jpg,0,0,0,0,1
001c62abd11fa4b57bf7a6c603a11bb9_60_42.jpg,0,0,0,0,1
001c62abd11fa4b57bf7a6c603a11bb9_61_38.jpg,0,0,0,0,1
001c62abd11fa4b57bf7a6c603a11bb9_61_39.jpg,0,0,0,0,1
001c62abd11fa4b57bf7a6c603a11bb9_61_40.jpg,0,0,0,0,1
001c62abd11fa4b57bf7a6c603a11bb9_61_41.jpg,0,0,0,0,1
001c62abd11fa4b57bf7a6c603a11bb9_61_42.jpg,0,0,0,0,1
001c62abd11fa4b57bf7a6c603a11bb9_61_43.jpg,0,0,0,0,1
001c62abd11fa4b57bf7a6c603a11bb9_62_38.jpg,0,0,0,0,1
001c62abd11fa4b57bf7a6c603a11bb9_62_39.jpg,0,0,0,0,1
001c62abd11fa4b57bf7a6c603a11bb9_62_40.jpg,0,0,0,0,1
001c62abd11fa4b57bf7a6c603a11bb9_62_41.jpg,0,0,0,0,1
001c62abd11fa4b57bf7a6c603a11bb9_62_42.jpg,0,0,0,0,1
001c62abd11fa4b57bf7a6c603a11bb9_62_43.jpg,0,0,0,0,1
001c62abd11fa4b57bf7a6c603a11bb9_63_39.jpg,0,0,0,0,1
001c62abd11fa4b57bf7a6c603a11bb9_63_40.jpg,0,0,0,0,1
001c62abd11fa4b57bf7a6c603a11bb9_63_41.jpg,0,0,0,0,1
001c62abd11fa4b57bf7a6c603a11bb9_63_42.jpg,0,0,0,0,1
001c62abd11fa4b57bf7a6c603a11bb9_63_43.jpg,0,0,0,0,1
001c62abd11fa4b57bf7a6c603a11bb9_63_44.jpg,0,0,0,0,1
001c62abd11fa4b57bf7a6c603a11bb9_64_41.jpg,0,0,0,0,1
001c62abd11fa4b57bf7a6c603a11bb9_64_42.jpg,0,0,0,0,1
001c62abd11fa4b57bf7a6c603a11bb9_64_43.jpg,0,0,0,0,1
001c62abd11fa4b57bf7a6c603a11bb9_64_44.jpg,0,0,0,0,1
001c62abd11fa4b57bf7a6c603a11bb9_64_45.jpg,0,0,0,0,1
001c62abd11fa4b57bf7a6c603a11bb9_65_42.jpg,0,0,0,0,1
001c62abd11fa4b57bf7a6c603a11bb9_65_43.jpg,0,0,0,0,1
001c62abd11fa4b57bf7a6c603a11bb9_65_44.jpg,0,0,0,0,1
001c62abd11fa4b57bf7a6c603a11bb9_65_45.jpg,0,0,0,0,1
001c62abd11fa4b57bf7a6c603a11bb9_66_42.jpg,0,0,0,0,1
001c62abd11fa4b57bf7a6c603a11bb9_66_43.jpg,0,0,0,0,1
001c62abd11fa4b57bf7a6c603a11bb9_66_44.jpg,0,0,0,0,1
001c62abd11fa4b57bf7a6c603a11bb9_66_45.jpg,0,0,0,0,1
001c62abd11fa4b57bf7a6c603a11bb9_66_46.jpg,0,0,0,0,1
001c62abd11fa4b57bf7a6c603a11bb9_67_43.jpg,0,0,0,0,1
001c62abd11fa4b57bf7a6c603a11bb9_67_44.jpg,0,0,0,0,1
001c62abd11fa4b57bf7a6c603a11bb9_67_45.jpg,0,0,0,0,1
001c62abd11fa4b57bf7a6c603a11bb9_67_46.jpg,0,0,0,0,1
001c62abd11fa4b57bf7a6c603a11bb9_68_43.jpg,0,0,0,0,1
001c62abd11fa4b57bf7a6c603a11bb9_68_44.jpg,0,0,0,0,1
001c62abd11fa4b57bf7a6c603a11bb9_68_45.jpg,0,0,0,0,1
001c62abd11fa4b57bf7a6c603a11bb9_68_46.jpg,0,0,0,0,1
001c62abd11fa4b57bf7a6c603a11bb9_69_43.jpg,0,0,0,0,1
001c62abd11fa4b57bf7a6c603a11bb9_69_44.jpg,0,0,0,0,1
001c62abd11fa4b57bf7a6c603a11bb9_69_45.jpg,0,0,0,0,1
001c62abd11fa4b57bf7a6c603a11bb9_69_46.jpg,0,0,0,0,1
001c62abd11fa4b57bf7a6c603a11bb9_70_44.jpg,0,0,0,0,1
001c62abd11fa4b57bf7a6c603a11bb9_70_45.jpg,0,0,0,0,1
001c62abd11fa4b57bf7a6c603a11bb9_70_46.jpg,0,0,0,0,1
001c62abd11fa4b57bf7a6c603a11bb9_70_47.jpg,0,0,0,0,1
001c62abd11fa4b57bf7a6c603a11bb9_71_44.jpg,0,0,0,0,1
001c62abd11fa4b57bf7a6c603a11bb9_71_45.jpg,0,0,0,0,1
001c62abd11fa4b57bf7a6c603a11bb9_71_46.jpg,0,0,0,0,1
001c62abd11fa4b57bf7a6c603a11bb9_71_47.jpg,0,0,0,0,1
001c62abd11fa4b57bf7a6c603a11bb9_71_48.jpg,0,0,0,0,1
001c62abd11fa4b57bf7a6c603a11bb9_72_44.jpg,0,0,0,0,1
001c62abd11fa4b57bf7a6c603a11bb9_72_45.jpg,0,0,0,0,1
001c62abd11fa4b57bf7a6c603a11bb9_72_46.jpg,0,0,0,0,1
001c62abd11fa4b57bf7a6c603a11bb9_72_47.jpg,0,0,0,0,1
001c62abd11fa4b57bf7a6c603a11bb9_72_48.jpg,0,0,0,0,1
001c62abd11fa4b57bf7a6c603a11bb9_73_44.jpg,0,0,0,0,1
001c62abd11fa4b57bf7a6c603a11bb9_73_45.jpg,0,0,0,0,1
001c62abd11fa4b57bf7a6c603a11bb9_73_46.jpg,0,0,0,0,1
001c62abd11fa4b57bf7a6c603a11bb9_73_47.jpg,0,0,0,0,1
001c62abd11fa4b57bf7a6c603a11bb9_73_48.jpg,0,0,0,0,1
001c62abd11fa4b57bf7a6c603a11bb9_74_45.jpg,0,0,0,0,1
001c62abd11fa4b57bf7a6c603a11bb9_74_46.jpg,0,0,0,0,1
001c62abd11fa4b57bf7a6c603a11bb9_74_47.jpg,0,0,0,0,1
001c62abd11fa4b57bf7a6c603a11bb9_74_48.jpg,0,0,0,0,1
001c62abd11fa4b57bf7a6c603a11bb9_75_45.jpg,0,0,0,0,1
001c62abd11fa4b57bf7a6c603a11bb9_75_46.jpg,0,0,0,0,1
001c62abd11fa4b57bf7a6c603a11bb9_75_47.jpg,0,0,0,0,1
001c62abd11fa4b57bf7a6c603a11bb9_75_48.jpg,0,0,0,0,1
001c62abd11fa4b57bf7a6c603a11bb9_75_49.jpg,0,0,0,0,1
001c62abd11fa4b57bf7a6c603a11bb9_76_44.jpg,0,0,0,0,1
001c62abd11fa4b57bf7a6c603a11bb9_76_45.jpg,0,0,0,0,1
001c62abd11fa4b57bf7a6c603a11bb9_76_46.jpg,0,0,0,0,1
001c62abd11fa4b57bf7a6c603a11bb9_76_47.jpg,0,0,0,0,1
001c62abd11fa4b57bf7a6c603a11bb9_76_48.jpg,0,0,0,0,1
001c62abd11fa4b57bf7a6c603a11bb9_76_49.jpg,0,0,0,0,1
001c62abd11fa4b57bf7a6c603a11bb9_77_44.jpg,0,0,0,0,1
001c62abd11fa4b57bf7a6c603a11bb9_77_45.jpg,0,0,0,0,1
001c62abd11fa4b57bf7a6c603a11bb9_77_46.jpg,0,0,0,0,1
001c62abd11fa4b57bf7a6c603a11bb9_77_47.jpg,0,0,0,0,1
001c62abd11fa4b57bf7a6c603a11bb9_77_48.jpg,0,0,0,0,1
001c62abd11fa4b57bf7a6c603a11bb9_77_49.jpg,0,0,0,0,1
001c62abd11fa4b57bf7a6c603a11bb9_78_45.jpg,0,0,0,0,1
001c62abd11fa4b57bf7a6c603a11bb9_78_46.jpg,0,0,0,0,1
001c62abd11fa4b57bf7a6c603a11bb9_78_47.jpg,0,0,0,0,1
001c62abd11fa4b57bf7a6c603a11bb9_78_48.jpg,0,0,0,0,1
001c62abd11fa4b57bf7a6c603a11bb9_78_49.jpg,0,0,0,0,1
001c62abd11fa4b57bf7a6c603a11bb9_78_50.jpg,0,0,0,0,1
001c62abd11fa4b57bf7a6c603a11bb9_79_45.jpg,0,0,0,0,1
001c62abd11fa4b57bf7a6c603a11bb9_79_46.jpg,0,0,0,0,1
001c62abd11fa4b57bf7a6c603a11bb9_79_47.jpg,0,0,0,0,1
001c62abd11fa4b57bf7a6c603a11bb9_79_48.jpg,0,0,0,0,1
001c62abd11fa4b57bf7a6c603a11bb9_79_49.jpg,0,0,0,0,1
001c62abd11fa4b57bf7a6c603a11bb9_79_50.jpg,0,0,0,0,1
001c62abd11fa4b57bf7a6c603a11bb9_80_45.jpg,0,0,0,0,1
001c62abd11fa4b57bf7a6c603a11bb9_80_46.jpg,0,0,0,0,1
001c62abd11fa4b57bf7a6c603a11bb9_80_47.jpg,0,0,0,0,1
001c62abd11fa4b57bf7a6c603a11bb9_80_48.jpg,0,0,0,0,1
001c62abd11fa4b57bf7a6c603a11bb9_80_49.jpg,0,0,0,0,1
001c62abd11fa4b57bf7a6c603a11bb9_80_50.jpg,0,0,0,0,1
001c62abd11fa4b57bf7a6c603a11bb9_81_45.jpg,0,0,0,0,1
001c62abd11fa4b57bf7a6c603a11bb9_81_46.jpg,0,0,0,0,1
001c62abd11fa4b57bf7a6c603a11bb9_81_47.jpg,0,0,0,0,1
001c62abd11fa4b57bf7a6c603a11bb9_81_48.jpg,0,0,0,0,1
001c62abd11fa4b57bf7a6c603a11bb9_81_49.jpg,0,0,0,0,1
001c62abd11fa4b57bf7a6c603a11bb9_81_50.jpg,0,0,0,0,1
001c62abd11fa4b57bf7a6c603a11bb9_82_46.jpg,0,0,0,0,1
001c62abd11fa4b57bf7a6c603a11bb9_82_47.jpg,0,0,0,0,1
001c62abd11fa4b57bf7a6c603a11bb9_82_48.jpg,0,0,0,0,1
001c62abd11fa4b57bf7a6c603a11bb9_82_49.jpg,0,0,0,0,1
001c62abd11fa4b57bf7a6c603a11bb9_82_50.jpg,0,0,0,0,1
001c62abd11fa4b57bf7a6c603a11bb9_83_46.jpg,0,0,0,0,1
001c62abd11fa4b57bf7a6c603a11bb9_83_47.jpg,0,0,0,0,1
001c62abd11fa4b57bf7a6c603a11bb9_83_48.jpg,0,0,0,0,1
001c62abd11fa4b57bf7a6c603a11bb9_83_49.jpg,0,0,0,0,1
001c62abd11fa4b57bf7a6c603a11bb9_83_50.jpg,0,0,0,0,1
001c62abd11fa4b57bf7a6c603a11bb9_84_45.jpg,0,0,0,0,1
001c62abd11fa4b57bf7a6c603a11bb9_84_46.jpg,0,0,0,0,1
001c62abd11fa4b57bf7a6c603a11bb9_84_47.jpg,0,0,0,0,1
001c62abd11fa4b57bf7a6c603a11bb9_84_48.jpg,0,0,0,0,1
001c62abd11fa4b57bf7a6c603a11bb9_84_49.jpg,0,0,0,0,1
001c62abd11fa4b57bf7a6c603a11bb9_84_50.jpg,0,0,0,0,1
001c62abd11fa4b57bf7a6c603a11bb9_85_45.jpg,0,0,0,0,1
001c62abd11fa4b57bf7a6c603a11bb9_85_46.jpg,0,0,0,0,1
001c62abd11fa4b57bf7a6c603a11bb9_85_47.jpg,0,0,0,0,1
001c62abd11fa4b57bf7a6c603a11bb9_85_48.jpg,0,0,0,0,1
001c62abd11fa4b57bf7a6c603a11bb9_85_49.jpg,0,0,0,0,1
001c62abd11fa4b57bf7a6c603a11bb9_85_50.jpg,0,0,0,0,1
001c62abd11fa4b57bf7a6c603a11bb9_86_45.jpg,0,0,0,0,1
001c62abd11fa4b57bf7a6c603a11bb9_86_46.jpg,0,0,0,0,1
001c62abd11fa4b57bf7a6c603a11bb9_86_47.jpg,0,0,0,0,1
001c62abd11fa4b57bf7a6c603a11bb9_86_48.jpg,0,0,0,0,1
001c62abd11fa4b57bf7a6c603a11bb9_86_49.jpg,0,0,0,0,1
001c62abd11fa4b57bf7a6c603a11bb9_86_50.jpg,0,0,0,0,1
001c62abd11fa4b57bf7a6c603a11bb9_87_45.jpg,0,0,0,0,1
001c62abd11fa4b57bf7a6c603a11bb9_87_46.jpg,0,0,0,0,1
001c62abd11fa4b57bf7a6c603a11bb9_87_47.jpg,0,0,0,0,1
001c62abd11fa4b57bf7a6c603a11bb9_87_48.jpg,0,0,0,0,1
001c62abd11fa4b57bf7a6c603a11bb9_87_49.jpg,0,0,0,0,1
001c62abd11fa4b57bf7a6c603a11bb9_87_50.jpg,0,0,0,0,1
001c62abd11fa4b57bf7a6c603a11bb9_88_45.jpg,0,0,0,0,1
001c62abd11fa4b57bf7a6c603a11bb9_88_46.jpg,0,0,0,0,1
001c62abd11fa4b57bf7a6c603a11bb9_88_47.jpg,0,0,0,0,1
001c62abd11fa4b57bf7a6c603a11bb9_88_48.jpg,0,0,0,0,1
001c62abd11fa4b57bf7a6c603a11bb9_88_49.jpg,0,0,0,0,1
001c62abd11fa4b57bf7a6c603a11bb9_88_50.jpg,0,0,0,0,1
001c62abd11fa4b57bf7a6c603a11bb9_89_46.jpg,0,0,0,0,1
001c62abd11fa4b57bf7a6c603a11bb9_89_47.jpg,0,0,0,0,1
001c62abd11fa4b57bf7a6c603a11bb9_89_48.jpg,0,0,0,0,1
001c62abd11fa4b57bf7a6c603a11bb9_89_49.jpg,0,0,0,0,1
001c62abd11fa4b57bf7a6c603a11bb9_89_50.jpg,0,0,0,0,1
001c62abd11fa4b57bf7a6c603a11bb9_89_51.jpg,0,0,0,0,1
001c62abd11fa4b57bf7a6c603a11bb9_90_46.jpg,0,0,0,0,1
001c62abd11fa4b57bf7a6c603a11bb9_90_47.jpg,0,0,0,0,1
001c62abd11fa4b57bf7a6c603a11bb9_90_48.jpg,0,0,0,0,1
001c62abd11fa4b57bf7a6c603a11bb9_90_49.jpg,0,0,0,0,1
001c62abd11fa4b57bf7a6c603a11bb9_90_50.jpg,0,0,0,0,1
001c62abd11fa4b57bf7a6c603a11bb9_90_51.jpg,0,0,0,0,1
001c62abd11fa4b57bf7a6c603a11bb9_91_46.jpg,0,0,0,0,1
001c62abd11fa4b57bf7a6c603a11bb9_91_47.jpg,0,0,0,0,1
001c62abd11fa4b57bf7a6c603a11bb9_91_48.jpg,0,0,0,0,1
001c62abd11fa4b57bf7a6c603a11bb9_91_49.jpg,0,0,0,0,1
001c62abd11fa4b57bf7a6c603a11bb9_91_50.jpg,0,0,0,0,1
001c62abd11fa4b57bf7a6c603a11bb9_92_46.jpg,0,0,0,0,1
001c62abd11fa4b57bf7a6c603a11bb9_92_47.jpg,0,0,0,0,1
001c62abd11fa4b57bf7a6c603a11bb9_92_48.jpg,0,0,0,0,1
001c62abd11fa4b57bf7a6c603a11bb9_92_49.jpg,0,0,0,0,1
001c62abd11fa4b57bf7a6c603a11bb9_92_50.jpg,0,0,0,0,1
001c62abd11fa4b57bf7a6c603a11bb9_93_46.jpg,0,0,0,0,1
001c62abd11fa4b57bf7a6c603a11bb9_93_47.jpg,0,0,0,0,1
001c62abd11fa4b57bf7a6c603a11bb9_93_48.jpg,0,0,0,0,1
001c62abd11fa4b57bf7a6c603a11bb9_93_49.jpg,0,0,0,0,1
001c62abd11fa4b57bf7a6c603a11bb9_93_50.jpg,0,0,0,0,1
001c62abd11fa4b57bf7a6c603a11bb9_94_47.jpg,0,0,0,0,1
001c62abd11fa4b57bf7a6c603a11bb9_94_48.jpg,0,0,0,0,1
001c62abd11fa4b57bf7a6c603a11bb9_94_49.jpg,0,0,0,0,1
001c62abd11fa4b57bf7a6c603a11bb9_94_50.jpg,0,0,0,0,1
001c62abd11fa4b57bf7a6c603a11bb9_94_51.jpg,0,0,0,0,1
001c62abd11fa4b57bf7a6c603a11bb9_95_47.jpg,0,0,0,0,1
001c62abd11fa4b57bf7a6c603a11bb9_95_48.jpg,0,0,0,0,1
001c62abd11fa4b57bf7a6c603a11bb9_95_49.jpg,0,0,0,0,1
001c62abd11fa4b57bf7a6c603a11bb9_95_50.jpg,0,0,0,0,1
001c62abd11fa4b57bf7a6c603a11bb9_95_51.jpg,0,0,0,0,1
001c62abd11fa4b57bf7a6c603a11bb9_96_47.jpg,0,0,0,0,1
001c62abd11fa4b57bf7a6c603a11bb9_96_48.jpg,0,0,0,0,1
001c62abd11fa4b57bf7a6c603a11bb9_96_49.jpg,0,0,0,0,1
001c62abd11fa4b57bf7a6c603a11bb9_96_50.jpg,0,0,0,0,1
001c62abd11fa4b57bf7a6c603a11bb9_96_51.jpg,0,0,0,0,1
001c62abd11fa4b57bf7a6c603a11bb9_97_47.jpg,0,0,0,0,1
001c62abd11fa4b57bf7a6c603a11bb9_97_48.jpg,0,0,0,0,1
001c62abd11fa4b57bf7a6c603a11bb9_97_49.jpg,0,0,0,0,1
001c62abd11fa4b57bf7a6c603a11bb9_97_50.jpg,0,0,0,0,1
001c62abd11fa4b57bf7a6c603a11bb9_97_51.jpg,0,0,0,0,1
001c62abd11fa4b57bf7a6c603a11bb9_104_49.jpg,1,0,0,0,0
001c62abd11fa4b57bf7a6c603a11bb9_104_50.jpg,1,0,0,0,0
001c62abd11fa4b57bf7a6c603a11bb9_104_51.jpg,1,0,0,0,0
001c62abd11fa4b57bf7a6c603a11bb9_105_49.jpg,1,0,0,0,0
001c62abd11fa4b57bf7a6c603a11bb9_105_50.jpg,1,0,0,0,0
001c62abd11fa4b57bf7a6c603a11bb9_105_51.jpg,1,0,0,0,0
001c62abd11fa4b57bf7a6c603a11bb9_105_52.jpg,1,0,0,0,0
001c62abd11fa4b57bf7a6c603a11bb9_106_50.jpg,1,0,0,0,0
001c62abd11fa4b57bf7a6c603a11bb9_106_51.jpg,1,0,0,0,0
00bbc1482301d16de3ff63238cfd0b34_0_14.jpg,1,0,0,0,0
00bbc1482301d16de3ff63238cfd0b34_1_13.jpg,1,0,0,0,0
00bbc1482301d16de3ff63238cfd0b34_1_14.jpg,1,0,0,0,0
00bbc1482301d16de3ff63238cfd0b34_1_15.jpg,1,0,0,0,0
00bbc1482301d16de3ff63238cfd0b34_2_13.jpg,1,0,0,0,0
00bbc1482301d16de3ff63238cfd0b34_2_14.jpg,1,0,0,0,0
00bbc1482301d16de3ff63238cfd0b34_2_15.jpg,1,0,0,0,0
00bbc1482301d16de3ff63238cfd0b34_2_16.jpg,1,0,0,0,0
00bbc1482301d16de3ff63238cfd0b34_3_13.jpg,1,0,0,0,0
00bbc1482301d16de3ff63238cfd0b34_3_14.jpg,1,0,0,0,0
00bbc1482301d16de3ff63238cfd0b34_3_15.jpg,1,0,0,0,0
00bbc1482301d16de3ff63238cfd0b34_3_16.jpg,1,0,0,0,0
00bbc1482301d16de3ff63238cfd0b34_4_13.jpg,1,0,0,0,0
00bbc1482301d16de3ff63238cfd0b34_4_14.jpg,1,0,0,0,0
00bbc1482301d16de3ff63238cfd0b34_4_15.jpg,1,0,0,0,0
00bbc1482301d16de3ff63238cfd0b34_4_16.jpg,1,0,0,0,0
00bbc1482301d16de3ff63238cfd0b34_5_12.jpg,1,0,0,0,0
00bbc1482301d16de3ff63238cfd0b34_5_13.jpg,1,0,0,0,0
00bbc1482301d16de3ff63238cfd0b34_5_14.jpg,1,0,0,0,0
00bbc1482301d16de3ff63238cfd0b34_5_15.jpg,1,0,0,0,0
00bbc1482301d16de3ff63238cfd0b34_5_16.jpg,1,0,0,0,0
00bbc1482301d16de3ff63238cfd0b34_6_12.jpg,1,0,0,0,0
00bbc1482301d16de3ff63238cfd0b34_6_13.jpg,0,0,1,0,0
00bbc1482301d16de3ff63238cfd0b34_6_14.jpg,0,0,1,0,0
00bbc1482301d16de3ff63238cfd0b34_6_15.jpg,1,0,0,0,0
00bbc1482301d16de3ff63238cfd0b34_6_16.jpg,1,0,0,0,0
00bbc1482301d16de3ff63238cfd0b34_7_11.jpg,0,0,1,0,0
00bbc1482301d16de3ff63238cfd0b34_7_12.jpg,0,0,1,0,0
00bbc1482301d16de3ff63238cfd0b34_7_13.jpg,0,0,1,0,0
00bbc1482301d16de3ff63238cfd0b34_7_14.jpg,0,0,1,0,0
00bbc1482301d16de3ff63238cfd0b34_7_15.jpg,0,0,1,0,0
00bbc1482301d16de3ff63238cfd0b34_7_16.jpg,1,0,0,0,0
00bbc1482301d16de3ff63238cfd0b34_8_11.jpg,0,0,1,0,0
00bbc1482301d16de3ff63238cfd0b34_8_12.jpg,0,0,1,0,0
00bbc1482301d16de3ff63238cfd0b34_8_13.jpg,0,0,1,0,0
00bbc1482301d16de3ff63238cfd0b34_8_14.jpg,0,0,1,0,0
00bbc1482301d16de3ff63238cfd0b34_8_15.jpg,0,0,1,0,0
00bbc1482301d16de3ff63238cfd0b34_8_16.jpg,1,0,0,0,0
00bbc1482301d16de3ff63238cfd0b34_9_11.jpg,0,0,1,0,0
00bbc1482301d16de3ff63238cfd0b34_9_12.jpg,0,0,1,0,0
00bbc1482301d16de3ff63238cfd0b34_9_13.jpg,0,0,1,0,0
00bbc1482301d16de3ff63238cfd0b34_9_14.jpg,0,0,1,0,0
00bbc1482301d16de3ff63238cfd0b34_9_15.jpg,0,0,1,0,0
00bbc1482301d16de3ff63238cfd0b34_9_16.jpg,1,0,0,0,0
00bbc1482301d16de3ff63238cfd0b34_10_10.jpg,1,0,0,0,0
00bbc1482301d16de3ff63238cfd0b34_10_11.jpg,0,0,1,0,0
00bbc1482301d16de3ff63238cfd0b34_10_12.jpg,0,0,1,0,0
00bbc1482301d16de3ff63238cfd0b34_10_13.jpg,0,0,1,0,0
00bbc1482301d16de3ff63238cfd0b34_10_14.jpg,0,0,1,0,0
00bbc1482301d16de3ff63238cfd0b34_10_15.jpg,0,0,1,0,0
00bbc1482301d16de3ff63238cfd0b34_10_16.jpg,1,0,0,0,0
00bbc1482301d16de3ff63238cfd0b34_11_10.jpg,1,0,0,0,0
00bbc1482301d16de3ff63238cfd0b34_11_11.jpg,1,0,0,0,0
00bbc1482301d16de3ff63238cfd0b34_11_12.jpg,0,0,1,0,0
00bbc1482301d16de3ff63238cfd0b34_11_13.jpg,0,0,1,0,0
00bbc1482301d16de3ff63238cfd0b34_11_14.jpg,0,0,1,0,0
00bbc1482301d16de3ff63238cfd0b34_11_15.jpg,0,1,0,0,0
00bbc1482301d16de3ff63238cfd0b34_12_10.jpg,1,0,0,0,0
00bbc1482301d16de3ff63238cfd0b34_12_11.jpg,1,0,0,0,0
00bbc1482301d16de3ff63238cfd0b34_12_12.jpg,1,0,0,0,0
00bbc1482301d16de3ff63238cfd0b34_12_13.jpg,0,0,1,0,0
00bbc1482301d16de3ff63238cfd0b34_12_14.jpg,0,1,0,0,0
00bbc1482301d16de3ff63238cfd0b34_12_15.jpg,1,0,0,0,0
00bbc1482301d16de3ff63238cfd0b34_13_10.jpg,1,0,0,0,0
00bbc1482301d16de3ff63238cfd0b34_13_11.jpg,1,0,0,0,0
00bbc1482301d16de3ff63238cfd0b34_13_12.jpg,1,0,0,0,0
00bbc1482301d16de3ff63238cfd0b34_13_13.jpg,1,0,0,0,0
00bbc1482301d16de3ff63238cfd0b34_13_14.jpg,1,0,0,0,0
00bbc1482301d16de3ff63238cfd0b34_13_15.jpg,1,0,0,0,0
00bbc1482301d16de3ff63238cfd0b34_14_9.jpg,1,0,0,0,0
00bbc1482301d16de3ff63238cfd0b34_14_10.jpg,1,0,0,0,0
00bbc1482301d16de3ff63238cfd0b34_14_11.jpg,1,0,0,0,0
00bbc1482301d16de3ff63238cfd0b34_14_12.jpg,1,0,0,0,0
00bbc1482301d16de3ff63238cfd0b34_14_13.jpg,1,0,0,0,0
00bbc1482301d16de3ff63238cfd0b34_14_14.jpg,1,0,0,0,0
00bbc1482301d16de3ff63238cfd0b34_15_9.jpg,1,0,0,0,0
00bbc1482301d16de3ff63238cfd0b34_15_10.jpg,1,0,0,0,0
00bbc1482301d16de3ff63238cfd0b34_15_11.jpg,1,0,0,0,0
00bbc1482301d16de3ff63238cfd0b34_15_12.jpg,1,0,0,0,0
00bbc1482301d16de3ff63238cfd0b34_15_13.jpg,1,0,0,0,0
00bbc1482301d16de3ff63238cfd0b34_15_14.jpg,1,0,0,0,0
00bbc1482301d16de3ff63238cfd0b34_16_9.jpg,1,0,0,0,0
00bbc1482301d16de3ff63238cfd0b34_16_10.jpg,1,0,0,0,0
00bbc1482301d16de3ff63238cfd0b34_16_11.jpg,1,0,0,0,0
00bbc1482301d16de3ff63238cfd0b34_16_12.jpg,1,0,0,0,0
00bbc1482301d16de3ff63238cfd0b34_16_13.jpg,1,0,0,0,0
00bbc1482301d16de3ff63238cfd0b34_16_14.jpg,1,0,0,0,0
00bbc1482301d16de3ff63238cfd0b34_17_8.jpg,0,0,1,0,0
00bbc1482301d16de3ff63238cfd0b34_17_9.jpg,0,0,1,0,0
00bbc1482301d16de3ff63238cfd0b34_17_10.jpg,0,0,1,0,0
00bbc1482301d16de3ff63238cfd0b34_17_11.jpg,0,0,1,0,0
00bbc1482301d16de3ff63238cfd0b34_17_12.jpg,1,0,0,0,0
00bbc1482301d16de3ff63238cfd0b34_17_13.jpg,1,0,0,0,0
00bbc1482301d16de3ff63238cfd0b34_17_14.jpg,1,0,0,0,0
00bbc1482301d16de3ff63238cfd0b34_18_8.jpg,0,0,1,0,0
00bbc1482301d16de3ff63238cfd0b34_18_9.jpg,0,0,1,0,0
00bbc1482301d16de3ff63238cfd0b34_18_10.jpg,0,0,1,0,0
00bbc1482301d16de3ff63238cfd0b34_18_11.jpg,0,0,1,0,0
00bbc1482301d16de3ff63238cfd0b34_18_12.jpg,1,0,0,0,0
00bbc1482301d16de3ff63238cfd0b34_18_13.jpg,1,0,0,0,0
00bbc1482301d16de3ff63238cfd0b34_18_14.jpg,1,0,0,0,0
00bbc1482301d16de3ff63238cfd0b34_19_8.jpg,0,0,1,0,0
00bbc1482301d16de3ff63238cfd0b34_19_9.jpg,0,0,1,0,0
00bbc1482301d16de3ff63238cfd0b34_19_10.jpg,0,0,1,0,0
00bbc1482301d16de3ff63238cfd0b34_19_11.jpg,0,0,1,0,0
00bbc1482301d16de3ff63238cfd0b34_19_12.jpg,0,0,1,0,0
00bbc1482301d16de3ff63238cfd0b34_19_13.jpg,0,0,1,0,0
00bbc1482301d16de3ff63238cfd0b34_19_14.jpg,0,0,1,0,0
00bbc1482301d16de3ff63238cfd0b34_20_8.jpg,1,0,0,0,0
00bbc1482301d16de3ff63238cfd0b34_20_9.jpg,1,0,0,0,0
00bbc1482301d16de3ff63238cfd0b34_20_10.jpg,1,0,0,0,0
00bbc1482301d16de3ff63238cfd0b34_20_11.jpg,1,0,0,0,0
00bbc1482301d16de3ff63238cfd0b34_20_12.jpg,1,0,0,0,0
00bbc1482301d16de3ff63238cfd0b34_20_13.jpg,0,0,1,0,0
00bbc1482301d16de3ff63238cfd0b34_20_14.jpg,0,0,1,0,0
00bbc1482301d16de3ff63238cfd0b34_21_8.jpg,1,0,0,0,0
00bbc1482301d16de3ff63238cfd0b34_21_9.jpg,1,0,0,0,0
00bbc1482301d16de3ff63238cfd0b34_21_10.jpg,1,0,0,0,0
00bbc1482301d16de3ff63238cfd0b34_21_11.jpg,1,0,0,0,0
00bbc1482301d16de3ff63238cfd0b34_21_12.jpg,1,0,0,0,0
00bbc1482301d16de3ff63238cfd0b34_21_13.jpg,0,0,1,0,0
00bbc1482301d16de3ff63238cfd0b34_21_14.jpg,0,0,1,0,0
00bbc1482301d16de3ff63238cfd0b34_22_8.jpg,1,0,0,0,0
00bbc1482301d16de3ff63238cfd0b34_22_9.jpg,1,0,0,0,0
00bbc1482301d16de3ff63238cfd0b34_22_10.jpg,1,0,0,0,0
00bbc1482301d16de3ff63238cfd0b34_22_11.jpg,1,0,0,0,0
00bbc1482301d16de3ff63238cfd0b34_22_12.jpg,1,0,0,0,0
00bbc1482301d16de3ff63238cfd0b34_22_13.jpg,1,0,0,0,0
00bbc1482301d16de3ff63238cfd0b34_22_14.jpg,1,0,0,0,0
00bbc1482301d16de3ff63238cfd0b34_23_8.jpg,1,0,0,0,0
00bbc1482301d16de3ff63238cfd0b34_23_9.jpg,1,0,0,0,0
00bbc1482301d16de3ff63238cfd0b34_23_10.jpg,1,0,0,0,0
00bbc1482301d16de3ff63238cfd0b34_23_11.jpg,1,0,0,0,0
00bbc1482301d16de3ff63238cfd0b34_23_12.jpg,1,0,0,0,0
00bbc1482301d16de3ff63238cfd0b34_23_13.jpg,1,0,0,0,0
00bbc1482301d16de3ff63238cfd0b34_23_14.jpg,1,0,0,0,0
00bbc1482301d16de3ff63238cfd0b34_24_8.jpg,1,0,0,0,0
00bbc1482301d16de3ff63238cfd0b34_24_9.jpg,1,0,0,0,0
00bbc1482301d16de3ff63238cfd0b34_24_10.jpg,1,0,0,0,0
00bbc1482301d16de3ff63238cfd0b34_24_11.jpg,1,0,0,0,0
00bbc1482301d16de3ff63238cfd0b34_24_12.jpg,1,0,0,0,0
00bbc1482301d16de3ff63238cfd0b34_24_13.jpg,1,0,0,0,0
00bbc1482301d16de3ff63238cfd0b34_24_14.jpg,1,0,0,0,0
00bbc1482301d16de3ff63238cfd0b34_25_8.jpg,1,0,0,0,0
00bbc1482301d16de3ff63238cfd0b34_25_9.jpg,1,0,0,0,0
00bbc1482301d16de3ff63238cfd0b34_25_10.jpg,1,0,0,0,0
00bbc1482301d16de3ff63238cfd0b34_25_11.jpg,1,0,0,0,0
00bbc1482301d16de3ff63238cfd0b34_25_12.jpg,1,0,0,0,0
00bbc1482301d16de3ff63238cfd0b34_25_13.jpg,1,0,0,0,0
00bbc1482301d16de3ff63238cfd0b34_25_14.jpg,1,0,0,0,0
00bbc1482301d16de3ff63238cfd0b34_26_8.jpg,1,0,0,0,0
00bbc1482301d16de3ff63238cfd0b34_26_9.jpg,1,0,0,0,0
00bbc1482301d16de3ff63238cfd0b34_26_10.jpg,1,0,0,0,0
00bbc1482301d16de3ff63238cfd0b34_26_11.jpg,1,0,0,0,0
00bbc1482301d16de3ff63238cfd0b34_26_12.jpg,1,0,0,0,0
00bbc1482301d16de3ff63238cfd0b34_26_13.jpg,1,0,0,0,0
00bbc1482301d16de3ff63238cfd0b34_26_14.jpg,1,0,0,0,0
00bbc1482301d16de3ff63238cfd0b34_27_8.jpg,1,0,0,0,0
00bbc1482301d16de3ff63238cfd0b34_27_9.jpg,1,0,0,0,0
00bbc1482301d16de3ff63238cfd0b34_27_10.jpg,1,0,0,0,0
00bbc1482301d16de3ff63238cfd0b34_27_11.jpg,1,0,0,0,0
00bbc1482301d16de3ff63238cfd0b34_27_12.jpg,1,0,0,0,0
00bbc1482301d16de3ff63238cfd0b34_27_13.jpg,1,0,0,0,0
00bbc1482301d16de3ff63238cfd0b34_27_14.jpg,1,0,0,0,0
00bbc1482301d16de3ff63238cfd0b34_28_8.jpg,1,0,0,0,0
00bbc1482301d16de3ff63238cfd0b34_28_9.jpg,1,0,0,0,0
00bbc1482301d16de3ff63238cfd0b34_28_10.jpg,1,0,0,0,0
00bbc1482301d16de3ff63238cfd0b34_28_11.jpg,1,0,0,0,0
00bbc1482301d16de3ff63238cfd0b34_28_12.jpg,1,0,0,0,0
00bbc1482301d16de3ff63238cfd0b34_28_13.jpg,1,0,0,0,0
00bbc1482301d16de3ff63238cfd0b34_28_14.jpg,1,0,0,0,0
00bbc1482301d16de3ff63238cfd0b34_29_8.jpg,1,0,0,0,0
00bbc1482301d16de3ff63238cfd0b34_29_9.jpg,1,0,0,0,0
00bbc1482301d16de3ff63238cfd0b34_29_10.jpg,1,0,0,0,0
00bbc1482301d16de3ff63238cfd0b34_29_11.jpg,1,0,0,0,0
00bbc1482301d16de3ff63238cfd0b34_29_12.jpg,1,0,0,0,0
00bbc1482301d16de3ff63238cfd0b34_29_13.jpg,1,0,0,0,0
00bbc1482301d16de3ff63238cfd0b34_30_7.jpg,1,0,0,0,0
00bbc1482301d16de3ff63238cfd0b34_30_8.jpg,1,0,0,0,0
00bbc1482301d16de3ff63238cfd0b34_30_9.jpg,1,0,0,0,0
00bbc1482301d16de3ff63238cfd0b34_30_10.jpg,1,0,0,0,0
00bbc1482301d16de3ff63238cfd0b34_30_11.jpg,1,0,0,0,0
00bbc1482301d16de3ff63238cfd0b34_30_12.jpg,1,0,0,0,0
00bbc1482301d16de3ff63238cfd0b34_30_13.jpg,1,0,0,0,0
00bbc1482301d16de3ff63238cfd0b34_31_6.jpg,1,0,0,0,0
00bbc1482301d16de3ff63238cfd0b34_31_7.jpg,1,0,0,0,0
00bbc1482301d16de3ff63238cfd0b34_31_8.jpg,1,0,0,0,0
00bbc1482301d16de3ff63238cfd0b34_31_9.jpg,1,0,0,0,0
00bbc1482301d16de3ff63238cfd0b34_31_10.jpg,1,0,0,0,0
00bbc1482301d16de3ff63238cfd0b34_31_11.jpg,1,0,0,0,0
00bbc1482301d16de3ff63238cfd0b34_31_12.jpg,1,0,0,0,0
00bbc1482301d16de3ff63238cfd0b34_32_6.jpg,1,0,0,0,0
00bbc1482301d16de3ff63238cfd0b34_32_7.jpg,1,0,0,0,0
00bbc1482301d16de3ff63238cfd0b34_32_8.jpg,1,0,0,0,0
00bbc1482301d16de3ff63238cfd0b34_32_9.jpg,1,0,0,0,0
00bbc1482301d16de3ff63238cfd0b34_32_10.jpg,1,0,0,0,0
00bbc1482301d16de3ff63238cfd0b34_32_11.jpg,1,0,0,0,0
00bbc1482301d16de3ff63238cfd0b34_32_12.jpg,1,0,0,0,0
00bbc1482301d16de3ff63238cfd0b34_33_5.jpg,1,0,0,0,0
00bbc1482301d16de3ff63238cfd0b34_33_6.jpg,1,0,0,0,0
00bbc1482301d16de3ff63238cfd0b34_33_7.jpg,1,0,0,0,0
00bbc1482301d16de3ff63238cfd0b34_33_8.jpg,1,0,0,0,0
00bbc1482301d16de3ff63238cfd0b34_33_9.jpg,1,0,0,0,0
00bbc1482301d16de3ff63238cfd0b34_33_10.jpg,1,0,0,0,0
00bbc1482301d16de3ff63238cfd0b34_33_11.jpg,1,0,0,0,0
00bbc1482301d16de3ff63238cfd0b34_34_4.jpg,1,0,0,0,0
00bbc1482301d16de3ff63238cfd0b34_34_5.jpg,1,0,0,0,0
00bbc1482301d16de3ff63238cfd0b34_34_6.jpg,1,0,0,0,0
00bbc1482301d16de3ff63238cfd0b34_34_7.jpg,1,0,0,0,0
00bbc1482301d16de3ff63238cfd0b34_34_8.jpg,1,0,0,0,0
00bbc1482301d16de3ff63238cfd0b34_34_9.jpg,1,0,0,0,0
00bbc1482301d16de3ff63238cfd0b34_34_10.jpg,1,0,0,0,0
00bbc1482301d16de3ff63238cfd0b34_34_11.jpg,1,0,0,0,0
00bbc1482301d16de3ff63238cfd0b34_34_12.jpg,1,0,0,0,0
00bbc1482301d16de3ff63238cfd0b34_35_4.jpg,1,0,0,0,0
00bbc1482301d16de3ff63238cfd0b34_35_5.jpg,1,0,0,0,0
00bbc1482301d16de3ff63238cfd0b34_35_6.jpg,1,0,0,0,0
00bbc1482301d16de3ff63238cfd0b34_35_7.jpg,1,0,0,0,0
00bbc1482301d16de3ff63238cfd0b34_35_8.jpg,1,0,0,0,0
00bbc1482301d16de3ff63238cfd0b34_35_9.jpg,1,0,0,0,0
00bbc1482301d16de3ff63238cfd0b34_35_10.jpg,1,0,0,0,0
00bbc1482301d16de3ff63238cfd0b34_35_11.jpg,1,0,0,0,0
00bbc1482301d16de3ff63238cfd0b34_36_5.jpg,1,0,0,0,0
00bbc1482301d16de3ff63238cfd0b34_36_7.jpg,1,0,0,0,0
00bbc1482301d16de3ff63238cfd0b34_36_8.jpg,1,0,0,0,0
00bbc1482301d16de3ff63238cfd0b34_36_9.jpg,1,0,0,0,0
00bbc1482301d16de3ff63238cfd0b34_36_10.jpg,1,0,0,0,0
00bbc1482301d16de3ff63238cfd0b34_36_11.jpg,1,0,0,0,0
00bbc1482301d16de3ff63238cfd0b34_37_7.jpg,1,0,0,0,0
00bbc1482301d16de3ff63238cfd0b34_37_8.jpg,1,0,0,0,0
00bbc1482301d16de3ff63238cfd0b34_37_9.jpg,1,0,0,0,0
00bbc1482301d16de3ff63238cfd0b34_37_10.jpg,1,0,0,0,0
00bbc1482301d16de3ff63238cfd0b34_38_7.jpg,1,0,0,0,0
00bbc1482301d16de3ff63238cfd0b34_38_8.jpg,1,0,0,0,0
00bbc1482301d16de3ff63238cfd0b34_38_9.jpg,1,0,0,0,0
00bbc1482301d16de3ff63238cfd0b34_39_7.jpg,1,0,0,0,0
00bbc1482301d16de3ff63238cfd0b34_39_8.jpg,1,0,0,0,0
00bbc1482301d16de3ff63238cfd0b34_39_9.jpg,1,0,0,0,0
00bbc1482301d16de3ff63238cfd0b34_39_10.jpg,1,0,0,0,0
00bbc1482301d16de3ff63238cfd0b34_40_7.jpg,1,0,0,0,0
00bbc1482301d16de3ff63238cfd0b34_40_8.jpg,1,0,0,0,0
00bbc1482301d16de3ff63238cfd0b34_40_9.jpg,1,0,0,0,0
00bbc1482301d16de3ff63238cfd0b34_40_10.jpg,1,0,0,0,0
00bbc1482301d16de3ff63238cfd0b34_41_2.jpg,1,0,0,0,0
00bbc1482301d16de3ff63238cfd0b34_41_3.jpg,1,0,0,0,0
00bbc1482301d16de3ff63238cfd0b34_41_4.jpg,1,0,0,0,0
00bbc1482301d16de3ff63238cfd0b34_41_7.jpg,1,0,0,0,0
00bbc1482301d16de3ff63238cfd0b34_41_8.jpg,1,0,0,0,0
00bbc1482301d16de3ff63238cfd0b34_41_9.jpg,1,0,0,0,0
00bbc1482301d16de3ff63238cfd0b34_41_10.jpg,1,0,0,0,0
00bbc1482301d16de3ff63238cfd0b34_42_2.jpg,1,0,0,0,0
00bbc1482301d16de3ff63238cfd0b34_42_3.jpg,1,0,0,0,0
00bbc1482301d16de3ff63238cfd0b34_42_4.jpg,1,0,0,0,0
00bbc1482301d16de3ff63238cfd0b34_42_5.jpg,1,0,0,0,0
00bbc1482301d16de3ff63238cfd0b34_42_6.jpg,1,0,0,0,0
00bbc1482301d16de3ff63238cfd0b34_42_7.jpg,1,0,0,0,0
00bbc1482301d16de3ff63238cfd0b34_42_8.jpg,1,0,0,0,0
00bbc1482301d16de3ff63238cfd0b34_42_9.jpg,1,0,0,0,0
00bbc1482301d16de3ff63238cfd0b34_42_10.jpg,1,0,0,0,0
00bbc1482301d16de3ff63238cfd0b34_43_1.jpg,1,0,0,0,0
00bbc1482301d16de3ff63238cfd0b34_43_2.jpg,1,0,0,0,0
00bbc1482301d16de3ff63238cfd0b34_43_3.jpg,1,0,0,0,0
00bbc1482301d16de3ff63238cfd0b34_43_4.jpg,1,0,0,0,0
00bbc1482301d16de3ff63238cfd0b34_43_5.jpg,1,0,0,0,0
00bbc1482301d16de3ff63238cfd0b34_43_6.jpg,1,0,0,0,0
00bbc1482301d16de3ff63238cfd0b34_43_7.jpg,1,0,0,0,0
00bbc1482301d16de3ff63238cfd0b34_43_8.jpg,1,0,0,0,0
00bbc1482301d16de3ff63238cfd0b34_43_9.jpg,1,0,0,0,0
00bbc1482301d16de3ff63238cfd0b34_44_1.jpg,1,0,0,0,0
00bbc1482301d16de3ff63238cfd0b34_44_2.jpg,1,0,0,0,0
00bbc1482301d16de3ff63238cfd0b34_44_3.jpg,1,0,0,0,0
00bbc1482301d16de3ff63238cfd0b34_44_4.jpg,1,0,0,0,0
00bbc1482301d16de3ff63238cfd0b34_44_5.jpg,1,0,0,0,0
00bbc1482301d16de3ff63238cfd0b34_44_6.jpg,1,0,0,0,0
00bbc1482301d16de3ff63238cfd0b34_44_7.jpg,1,0,0,0,0
00bbc1482301d16de3ff63238cfd0b34_44_8.jpg,1,0,0,0,0
00bbc1482301d16de3ff63238cfd0b34_44_9.jpg,1,0,0,0,0
00bbc1482301d16de3ff63238cfd0b34_45_2.jpg,1,0,0,0,0
00bbc1482301d16de3ff63238cfd0b34_45_3.jpg,1,0,0,0,0
00bbc1482301d16de3ff63238cfd0b34_45_4.jpg,1,0,0,0,0
00bbc1482301d16de3ff63238cfd0b34_45_5.jpg,1,0,0,0,0
00bbc1482301d16de3ff63238cfd0b34_45_6.jpg,1,0,0,0,0
00bbc1482301d16de3ff63238cfd0b34_45_7.jpg,1,0,0,0,0
00bbc1482301d16de3ff63238cfd0b34_45_8.jpg,1,0,0,0,0
00bbc1482301d16de3ff63238cfd0b34_45_9.jpg,1,0,0,0,0
00bbc1482301d16de3ff63238cfd0b34_46_2.jpg,1,0,0,0,0
00bbc1482301d16de3ff63238cfd0b34_46_3.jpg,1,0,0,0,0
00bbc1482301d16de3ff63238cfd0b34_46_4.jpg,1,0,0,0,0
00bbc1482301d16de3ff63238cfd0b34_46_5.jpg,1,0,0,0,0
00bbc1482301d16de3ff63238cfd0b34_46_6.jpg,1,0,0,0,0
00bbc1482301d16de3ff63238cfd0b34_46_7.jpg,1,0,0,0,0
00bbc1482301d16de3ff63238cfd0b34_46_8.jpg,1,0,0,0,0
00bbc1482301d16de3ff63238cfd0b34_47_3.jpg,1,0,0,0,0
00bbc1482301d16de3ff63238cfd0b34_47_4.jpg,1,0,0,0,0
00bbc1482301d16de3ff63238cfd0b34_47_5.jpg,1,0,0,0,0
00bbc1482301d16de3ff63238cfd0b34_47_6.jpg,1,0,0,0,0
00bbc1482301d16de3ff63238cfd0b34_47_7.jpg,1,0,0,0,0
00bbc1482301d16de3ff63238cfd0b34_47_8.jpg,1,0,0,0,0
00bbc1482301d16de3ff63238cfd0b34_48_3.jpg,1,0,0,0,0
00bbc1482301d16de3ff63238cfd0b34_48_4.jpg,1,0,0,0,0
00bbc1482301d16de3ff63238cfd0b34_48_5.jpg,1,0,0,0,0
00bbc1482301d16de3ff63238cfd0b34_48_6.jpg,1,0,0,0,0
00bbc1482301d16de3ff63238cfd0b34_48_7.jpg,1,0,0,0,0
00bbc1482301d16de3ff63238cfd0b34_48_8.jpg,1,0,0,0,0
00bbc1482301d16de3ff63238cfd0b34_49_4.jpg,1,0,0,0,0
00bbc1482301d16de3ff63238cfd0b34_49_5.jpg,1,0,0,0,0
00bbc1482301d16de3ff63238cfd0b34_49_6.jpg,1,0,0,0,0
00bbc1482301d16de3ff63238cfd0b34_49_7.jpg,1,0,0,0,0
00bbc1482301d16de3ff63238cfd0b34_50_4.jpg,1,0,0,0,0
00bbc1482301d16de3ff63238cfd0b34_50_5.jpg,1,0,0,0,0
00bbc1482301d16de3ff63238cfd0b34_50_6.jpg,1,0,0,0,0
00bbc1482301d16de3ff63238cfd0b34_50_7.jpg,1,0,0,0,0
00bbc1482301d16de3ff63238cfd0b34_51_4.jpg,1,0,0,0,0
00bbc1482301d16de3ff63238cfd0b34_51_5.jpg,1,0,0,0,0
00bbc1482301d16de3ff63238cfd0b34_51_6.jpg,1,0,0,0,0
00bbc1482301d16de3ff63238cfd0b34_51_7.jpg,1,0,0,0,0
00bbc1482301d16de3ff63238cfd0b34_52_4.jpg,0,1,0,0,0
00bbc1482301d16de3ff63238cfd0b34_52_5.jpg,0,1,0,0,0
00bbc1482301d16de3ff63238cfd0b34_52_6.jpg,1,0,0,0,0
00bbc1482301d16de3ff63238cfd0b34_52_7.jpg,1,0,0,0,0
00bbc1482301d16de3ff63238cfd0b34_52_8.jpg,1,0,0,0,0
00bbc1482301d16de3ff63238cfd0b34_53_4.jpg,0,1,0,0,0
00bbc1482301d16de3ff63238cfd0b34_53_5.jpg,0,1,0,0,0
00bbc1482301d16de3ff63238cfd0b34_53_6.jpg,1,0,0,0,0
00bbc1482301d16de3ff63238cfd0b34_53_7.jpg,1,0,0,0,0
00bbc1482301d16de3ff63238cfd0b34_54_4.jpg,0,1,0,0,0
00bbc1482301d16de3ff63238cfd0b34_54_5.jpg,0,1,0,0,0
00bbc1482301d16de3ff63238cfd0b34_54_6.jpg,1,0,0,0,0
00bbc1482301d16de3ff63238cfd0b34_54_7.jpg,1,0,0,0,0
00bbc1482301d16de3ff63238cfd0b34_55_3.jpg,1,0,0,0,0
00bbc1482301d16de3ff63238cfd0b34_55_4.jpg,0,1,0,0,0
00bbc1482301d16de3ff63238cfd0b34_55_5.jpg,0,1,0,0,0
00bbc1482301d16de3ff63238cfd0b34_55_6.jpg,1,0,0,0,0
00bbc1482301d16de3ff63238cfd0b34_56_3.jpg,1,0,0,0,0
00bbc1482301d16de3ff63238cfd0b34_56_4.jpg,0,1,0,0,0
00bbc1482301d16de3ff63238cfd0b34_56_5.jpg,0,1,0,0,0
00bbc1482301d16de3ff63238cfd0b34_56_6.jpg,1,0,0,0,0
00bbc1482301d16de3ff63238cfd0b34_57_2.jpg,1,0,0,0,0
00bbc1482301d16de3ff63238cfd0b34_57_3.jpg,1,0,0,0,0
00bbc1482301d16de3ff63238cfd0b34_57_4.jpg,0,1,0,0,0
00bbc1482301d16de3ff63238cfd0b34_57_5.jpg,0,1,0,0,0
00bbc1482301d16de3ff63238cfd0b34_57_6.jpg,1,0,0,0,0
00bbc1482301d16de3ff63238cfd0b34_58_2.jpg,1,0,0,0,0
00bbc1482301d16de3ff63238cfd0b34_58_3.jpg,1,0,0,0,0
00bbc1482301d16de3ff63238cfd0b34_58_4.jpg,1,0,0,0,0
00bbc1482301d16de3ff63238cfd0b34_58_5.jpg,1,0,0,0,0
00bbc1482301d16de3ff63238cfd0b34_59_1.jpg,1,0,0,0,0
00bbc1482301d16de3ff63238cfd0b34_59_2.jpg,1,0,0,0,0
00bbc1482301d16de3ff63238cfd0b34_59_3.jpg,1,0,0,0,0
00bbc1482301d16de3ff63238cfd0b34_59_4.jpg,1,0,0,0,0
00bbc1482301d16de3ff63238cfd0b34_59_5.jpg,1,0,0,0,0
00bbc1482301d16de3ff63238cfd0b34_60_1.jpg,1,0,0,0,0
00bbc1482301d16de3ff63238cfd0b34_60_2.jpg,1,0,0,0,0
00bbc1482301d16de3ff63238cfd0b34_60_3.jpg,1,0,0,0,0
00bbc1482301d16de3ff63238cfd0b34_60_4.jpg,1,0,0,0,0
00bbc1482301d16de3ff63238cfd0b34_60_5.jpg,1,0,0,0,0
00bbc1482301d16de3ff63238cfd0b34_61_1.jpg,1,0,0,0,0
00bbc1482301d16de3ff63238cfd0b34_61_2.jpg,1,0,0,0,0
00bbc1482301d16de3ff63238cfd0b34_61_3.jpg,1,0,0,0,0
00bbc1482301d16de3ff63238cfd0b34_61_4.jpg,1,0,0,0,0
00bbc1482301d16de3ff63238cfd0b34_61_5.jpg,1,0,0,0,0
00bbc1482301d16de3ff63238cfd0b34_62_1.jpg,1,0,0,0,0
00bbc1482301d16de3ff63238cfd0b34_62_2.jpg,1,0,0,0,0
00bbc1482301d16de3ff63238cfd0b34_62_3.jpg,1,0,0,0,0
00bbc1482301d16de3ff63238cfd0b34_62_4.jpg,1,0,0,0,0
00bbc1482301d16de3ff63238cfd0b34_62_5.jpg,1,0,0,0,0
00bbc1482301d16de3ff63238cfd0b34_63_1.jpg,1,0,0,0,0
00bbc1482301d16de3ff63238cfd0b34_63_2.jpg,1,0,0,0,0
00bbc1482301d16de3ff63238cfd0b34_63_3.jpg,1,0,0,0,0
00bbc1482301d16de3ff63238cfd0b34_63_4.jpg,1,0,0,0,0
00bbc1482301d16de3ff63238cfd0b34_63_5.jpg,1,0,0,0,0
00bbc1482301d16de3ff63238cfd0b34_64_1.jpg,1,0,0,0,0
00bbc1482301d16de3ff63238cfd0b34_64_2.jpg,1,0,0,0,0
00bbc1482301d16de3ff63238cfd0b34_64_3.jpg,1,0,0,0,0
00bbc1482301d16de3ff63238cfd0b34_64_4.jpg,1,0,0,0,0
00bbc1482301d16de3ff63238cfd0b34_64_5.jpg,1,0,0,0,0
00bbc1482301d16de3ff63238cfd0b34_65_1.jpg,1,0,0,0,0
00bbc1482301d16de3ff63238cfd0b34_65_2.jpg,1,0,0,0,0
00bbc1482301d16de3ff63238cfd0b34_65_3.jpg,1,0,0,0,0
00bbc1482301d16de3ff63238cfd0b34_65_4.jpg,1,0,0,0,0
00bbc1482301d16de3ff63238cfd0b34_65_5.jpg,1,0,0,0,0
00bbc1482301d16de3ff63238cfd0b34_66_2.jpg,1,0,0,0,0
00bbc1482301d16de3ff63238cfd0b34_66_3.jpg,1,0,0,0,0
00bbc1482301d16de3ff63238cfd0b34_66_4.jpg,0,1,0,0,0
00bbc1482301d16de3ff63238cfd0b34_66_5.jpg,0,1,0,0,0
00bbc1482301d16de3ff63238cfd0b34_67_2.jpg,1,0,0,0,0
00bbc1482301d16de3ff63238cfd0b34_67_3.jpg,0,1,0,0,0
00bbc1482301d16de3ff63238cfd0b34_67_4.jpg,0,1,0,0,0
00bbc1482301d16de3ff63238cfd0b34_67_5.jpg,0,1,0,0,0
00bbc1482301d16de3ff63238cfd0b34_67_6.jpg,0,1,0,0,0
00bbc1482301d16de3ff63238cfd0b34_68_2.jpg,1,0,0,0,0
00bbc1482301d16de3ff63238cfd0b34_68_3.jpg,0,1,0,0,0
00bbc1482301d16de3ff63238cfd0b34_68_4.jpg,0,1,0,0,0
00bbc1482301d16de3ff63238cfd0b34_68_5.jpg,0,1,0,0,0
00bbc1482301d16de3ff63238cfd0b34_68_6.jpg,0,1,0,0,0
00bbc1482301d16de3ff63238cfd0b34_69_2.jpg,1,0,0,0,0
00bbc1482301d16de3ff63238cfd0b34_69_3.jpg,0,0,1,0,0
00bbc1482301d16de3ff63238cfd0b34_69_4.jpg,0,0,1,0,0
00bbc1482301d16de3ff63238cfd0b34_69_5.jpg,0,1,0,0,0
00bbc1482301d16de3ff63238cfd0b34_69_6.jpg,0,1,0,0,0
00bbc1482301d16de3ff63238cfd0b34_69_7.jpg,1,0,0,0,0
00bbc1482301d16de3ff63238cfd0b34_70_3.jpg,0,0,1,0,0
00bbc1482301d16de3ff63238cfd0b34_70_4.jpg,0,0,1,0,0
00bbc1482301d16de3ff63238cfd0b34_70_5.jpg,1,0,0,0,0
00bbc1482301d16de3ff63238cfd0b34_70_6.jpg,1,0,0,0,0
00bbc1482301d16de3ff63238cfd0b34_70_7.jpg,1,0,0,0,0
00bbc1482301d16de3ff63238cfd0b34_71_3.jpg,1,0,0,0,0
00bbc1482301d16de3ff63238cfd0b34_71_4.jpg,1,0,0,0,0
00bbc1482301d16de3ff63238cfd0b34_71_5.jpg,1,0,0,0,0
00bbc1482301d16de3ff63238cfd0b34_71_6.jpg,1,0,0,0,0
00bbc1482301d16de3ff63238cfd0b34_71_7.jpg,1,0,0,0,0
00bbc1482301d16de3ff63238cfd0b34_72_3.jpg,1,0,0,0,0
00bbc1482301d16de3ff63238cfd0b34_72_4.jpg,1,0,0,0,0
00bbc1482301d16de3ff63238cfd0b34_72_5.jpg,1,0,0,0,0
00bbc1482301d16de3ff63238cfd0b34_72_6.jpg,1,0,0,0,0
00bbc1482301d16de3ff63238cfd0b34_72_7.jpg,1,0,0,0,0
00bbc1482301d16de3ff63238cfd0b34_73_3.jpg,1,0,0,0,0
00bbc1482301d16de3ff63238cfd0b34_73_4.jpg,1,0,0,0,0
00bbc1482301d16de3ff63238cfd0b34_73_5.jpg,1,0,0,0,0
00bbc1482301d16de3ff63238cfd0b34_73_6.jpg,1,0,0,0,0
00bbc1482301d16de3ff63238cfd0b34_73_7.jpg,1,0,0,0,0
00bbc1482301d16de3ff63238cfd0b34_74_3.jpg,1,0,0,0,0
00bbc1482301d16de3ff63238cfd0b34_74_4.jpg,1,0,0,0,0
00bbc1482301d16de3ff63238cfd0b34_74_5.jpg,1,0,0,0,0
00bbc1482301d16de3ff63238cfd0b34_74_6.jpg,1,0,0,0,0
00bbc1482301d16de3ff63238cfd0b34_74_7.jpg,1,0,0,0,0
00bbc1482301d16de3ff63238cfd0b34_75_3.jpg,1,0,0,0,0
00bbc1482301d16de3ff63238cfd0b34_75_4.jpg,1,0,0,0,0
00bbc1482301d16de3ff63238cfd0b34_75_5.jpg,0,1,0,0,0
00bbc1482301d16de3ff63238cfd0b34_75_6.jpg,0,1,0,0,0
00bbc1482301d16de3ff63238cfd0b34_75_7.jpg,1,0,0,0,0
00bbc1482301d16de3ff63238cfd0b34_76_3.jpg,1,0,0,0,0
00bbc1482301d16de3ff63238cfd0b34_76_4.jpg,1,0,0,0,0
00bbc1482301d16de3ff63238cfd0b34_76_5.jpg,0,1,0,0,0
00bbc1482301d16de3ff63238cfd0b34_76_6.jpg,0,1,0,0,0
00bbc1482301d16de3ff63238cfd0b34_76_7.jpg,1,0,0,0,0
00bbc1482301d16de3ff63238cfd0b34_77_4.jpg,1,0,0,0,0
00bbc1482301d16de3ff63238cfd0b34_77_5.jpg,1,0,0,0,0
00bbc1482301d16de3ff63238cfd0b34_77_6.jpg,1,0,0,0,0
00bbc1482301d16de3ff63238cfd0b34_77_7.jpg,1,0,0,0,0
00bbc1482301d16de3ff63238cfd0b34_78_4.jpg,1,0,0,0,0
00bbc1482301d16de3ff63238cfd0b34_78_5.jpg,1,0,0,0,0
00bbc1482301d16de3ff63238cfd0b34_78_6.jpg,1,0,0,0,0
00bbc1482301d16de3ff63238cfd0b34_78_7.jpg,1,0,0,0,0
00bbc1482301d16de3ff63238cfd0b34_78_8.jpg,1,0,0,0,0
00bbc1482301d16de3ff63238cfd0b34_79_4.jpg,1,0,0,0,0
00bbc1482301d16de3ff63238cfd0b34_79_5.jpg,1,0,0,0,0
00bbc1482301d16de3ff63238cfd0b34_79_6.jpg,1,0,0,0,0
00bbc1482301d16de3ff63238cfd0b34_79_7.jpg,1,0,0,0,0
00bbc1482301d16de3ff63238cfd0b34_79_8.jpg,1,0,0,0,0
00bbc1482301d16de3ff63238cfd0b34_79_9.jpg,1,0,0,0,0
00bbc1482301d16de3ff63238cfd0b34_80_4.jpg,1,0,0,0,0
00bbc1482301d16de3ff63238cfd0b34_80_5.jpg,1,0,0,0,0
00bbc1482301d16de3ff63238cfd0b34_80_6.jpg,1,0,0,0,0
00bbc1482301d16de3ff63238cfd0b34_80_7.jpg,1,0,0,0,0
00bbc1482301d16de3ff63238cfd0b34_80_8.jpg,1,0,0,0,0
00bbc1482301d16de3ff63238cfd0b34_80_9.jpg,1,0,0,0,0
00bbc1482301d16de3ff63238cfd0b34_81_5.jpg,1,0,0,0,0
00bbc1482301d16de3ff63238cfd0b34_81_6.jpg,1,0,0,0,0
00bbc1482301d16de3ff63238cfd0b34_81_7.jpg,1,0,0,0,0
00bbc1482301d16de3ff63238cfd0b34_81_8.jpg,1,0,0,0,0
00bbc1482301d16de3ff63238cfd0b34_81_9.jpg,1,0,0,0,0
00bbc1482301d16de3ff63238cfd0b34_82_6.jpg,1,0,0,0,0
00bbc1482301d16de3ff63238cfd0b34_82_7.jpg,1,0,0,0,0
00bbc1482301d16de3ff63238cfd0b34_82_8.jpg,1,0,0,0,0
00bbc1482301d16de3ff63238cfd0b34_82_9.jpg,1,0,0,0,0
00bbc1482301d16de3ff63238cfd0b34_82_10.jpg,1,0,0,0,0
00bbc1482301d16de3ff63238cfd0b34_83_6.jpg,1,0,0,0,0
00bbc1482301d16de3ff63238cfd0b34_83_7.jpg,1,0,0,0,0
00bbc1482301d16de3ff63238cfd0b34_83_8.jpg,1,0,0,0,0
00bbc1482301d16de3ff63238cfd0b34_83_9.jpg,1,0,0,0,0
00bbc1482301d16de3ff63238cfd0b34_83_10.jpg,1,0,0,0,0
00bbc1482301d16de3ff63238cfd0b34_84_6.jpg,1,0,0,0,0
00bbc1482301d16de3ff63238cfd0b34_84_7.jpg,1,0,0,0,0
00bbc1482301d16de3ff63238cfd0b34_84_8.jpg,1,0,0,0,0
00bbc1482301d16de3ff63238cfd0b34_84_9.jpg,1,0,0,0,0
00bbc1482301d16de3ff63238cfd0b34_84_10.jpg,1,0,0,0,0
00bbc1482301d16de3ff63238cfd0b34_84_11.jpg,1,0,0,0,0
00bbc1482301d16de3ff63238cfd0b34_85_6.jpg,1,0,0,0,0
00bbc1482301d16de3ff63238cfd0b34_85_7.jpg,1,0,0,0,0
00bbc1482301d16de3ff63238cfd0b34_85_8.jpg,1,0,0,0,0
00bbc1482301d16de3ff63238cfd0b34_85_9.jpg,1,0,0,0,0
00bbc1482301d16de3ff63238cfd0b34_85_10.jpg,1,0,0,0,0
00bbc1482301d16de3ff63238cfd0b34_85_11.jpg,1,0,0,0,0
00bbc1482301d16de3ff63238cfd0b34_86_7.jpg,1,0,0,0,0
00bbc1482301d16de3ff63238cfd0b34_86_8.jpg,1,0,0,0,0
00bbc1482301d16de3ff63238cfd0b34_86_9.jpg,1,0,0,0,0
00bbc1482301d16de3ff63238cfd0b34_86_10.jpg,1,0,0,0,0
00bbc1482301d16de3ff63238cfd0b34_86_11.jpg,1,0,0,0,0
00bbc1482301d16de3ff63238cfd0b34_87_7.jpg,1,0,0,0,0
00bbc1482301d16de3ff63238cfd0b34_87_8.jpg,1,0,0,0,0
00bbc1482301d16de3ff63238cfd0b34_87_9.jpg,1,0,0,0,0
00bbc1482301d16de3ff63238cfd0b34_87_10.jpg,1,0,0,0,0
00bbc1482301d16de3ff63238cfd0b34_87_11.jpg,1,0,0,0,0
00bbc1482301d16de3ff63238cfd0b34_87_12.jpg,1,0,0,0,0
00bbc1482301d16de3ff63238cfd0b34_88_7.jpg,1,0,0,0,0
00bbc1482301d16de3ff63238cfd0b34_88_8.jpg,1,0,0,0,0
00bbc1482301d16de3ff63238cfd0b34_88_9.jpg,1,0,0,0,0
00bbc1482301d16de3ff63238cfd0b34_88_10.jpg,1,0,0,0,0
00bbc1482301d16de3ff63238cfd0b34_88_11.jpg,1,0,0,0,0
00bbc1482301d16de3ff63238cfd0b34_88_12.jpg,1,0,0,0,0
00bbc1482301d16de3ff63238cfd0b34_89_7.jpg,1,0,0,0,0
00bbc1482301d16de3ff63238cfd0b34_89_8.jpg,1,0,0,0,0
00bbc1482301d16de3ff63238cfd0b34_89_9.jpg,1,0,0,0,0
00bbc1482301d16de3ff63238cfd0b34_89_10.jpg,1,0,0,0,0
00bbc1482301d16de3ff63238cfd0b34_89_11.jpg,1,0,0,0,0
00bbc1482301d16de3ff63238cfd0b34_89_12.jpg,1,0,0,0,0
00bbc1482301d16de3ff63238cfd0b34_90_8.jpg,1,0,0,0,0
00bbc1482301d16de3ff63238cfd0b34_90_9.jpg,1,0,0,0,0
00bbc1482301d16de3ff63238cfd0b34_90_10.jpg,0,1,0,0,0
00bbc1482301d16de3ff63238cfd0b34_90_11.jpg,0,1,0,0,0
00bbc1482301d16de3ff63238cfd0b34_90_12.jpg,0,1,0,0,0
00bbc1482301d16de3ff63238cfd0b34_90_13.jpg,1,0,0,0,0
00bbc1482301d16de3ff63238cfd0b34_91_8.jpg,1,0,0,0,0
00bbc1482301d16de3ff63238cfd0b34_91_9.jpg,1,0,0,0,0
00bbc1482301d16de3ff63238cfd0b34_91_10.jpg,0,1,0,0,0
00bbc1482301d16de3ff63238cfd0b34_91_11.jpg,0,1,0,0,0
00bbc1482301d16de3ff63238cfd0b34_91_12.jpg,1,0,0,0,0
00bbc1482301d16de3ff63238cfd0b34_91_13.jpg,1,0,0,0,0
00bbc1482301d16de3ff63238cfd0b34_92_9.jpg,1,0,0,0,0
00bbc1482301d16de3ff63238cfd0b34_92_10.jpg,1,0,0,0,0
00bbc1482301d16de3ff63238cfd0b34_92_11.jpg,1,0,0,0,0
00bbc1482301d16de3ff63238cfd0b34_92_12.jpg,1,0,0,0,0
00bbc1482301d16de3ff63238cfd0b34_92_13.jpg,1,0,0,0,0
00bbc1482301d16de3ff63238cfd0b34_93_9.jpg,1,0,0,0,0
00bbc1482301d16de3ff63238cfd0b34_93_10.jpg,1,0,0,0,0
00bbc1482301d16de3ff63238cfd0b34_93_11.jpg,1,0,0,0,0
00bbc1482301d16de3ff63238cfd0b34_93_12.jpg,1,0,0,0,0
00bbc1482301d16de3ff63238cfd0b34_93_13.jpg,1,0,0,0,0
00bbc1482301d16de3ff63238cfd0b34_94_10.jpg,1,0,0,0,0
00bbc1482301d16de3ff63238cfd0b34_94_11.jpg,1,0,0,0,0
00bbc1482301d16de3ff63238cfd0b34_94_12.jpg,1,0,0,0,0
00bbc1482301d16de3ff63238cfd0b34_94_13.jpg,1,0,0,0,0
00bbc1482301d16de3ff63238cfd0b34_95_10.jpg,1,0,0,0,0
00bbc1482301d16de3ff63238cfd0b34_95_11.jpg,1,0,0,0,0
00bbc1482301d16de3ff63238cfd0b34_95_12.jpg,1,0,0,0,0
00bbc1482301d16de3ff63238cfd0b34_95_13.jpg,1,0,0,0,0
00bbc1482301d16de3ff63238cfd0b34_96_10.jpg,1,0,0,0,0
00bbc1482301d16de3ff63238cfd0b34_96_11.jpg,1,0,0,0,0
00bbc1482301d16de3ff63238cfd0b34_96_12.jpg,1,0,0,0,0
00bbc1482301d16de3ff63238cfd0b34_96_13.jpg,1,0,0,0,0
00bbc1482301d16de3ff63238cfd0b34_97_10.jpg,1,0,0,0,0
00bbc1482301d16de3ff63238cfd0b34_97_11.jpg,1,0,0,0,0
00bbc1482301d16de3ff63238cfd0b34_97_12.jpg,1,0,0,0,0
00bbc1482301d16de3ff63238cfd0b34_98_10.jpg,1,0,0,0,0
00bbc1482301d16de3ff63238cfd0b34_98_11.jpg,1,0,0,0,0
00bbc1482301d16de3ff63238cfd0b34_98_12.jpg,1,0,0,0,0
00bbc1482301d16de3ff63238cfd0b34_98_13.jpg,1,0,0,0,0
00bbc1482301d16de3ff63238cfd0b34_99_10.jpg,1,0,0,0,0
00bbc1482301d16de3ff63238cfd0b34_99_11.jpg,1,0,0,0,0
00bbc1482301d16de3ff63238cfd0b34_99_12.jpg,1,0,0,0,0
00bbc1482301d16de3ff63238cfd0b34_99_13.jpg,1,0,0,0,0
00bbc1482301d16de3ff63238cfd0b34_100_11.jpg,1,0,0,0,0
00bbc1482301d16de3ff63238cfd0b34_100_12.jpg,1,0,0,0,0
00bbc1482301d16de3ff63238cfd0b34_100_13.jpg,1,0,0,0,0
00bbc1482301d16de3ff63238cfd0b34_100_14.jpg,1,0,0,0,0
00bbc1482301d16de3ff63238cfd0b34_100_15.jpg,1,0,0,0,0
00bbc1482301d16de3ff63238cfd0b34_100_16.jpg,1,0,0,0,0
00bbc1482301d16de3ff63238cfd0b34_101_13.jpg,1,0,0,0,0
00bbc1482301d16de3ff63238cfd0b34_101_14.jpg,1,0,0,0,0
00bbc1482301d16de3ff63238cfd0b34_101_15.jpg,1,0,0,0,0
